date,address,symbol,vol_1d,vol_3d,vol_5d,vol_10d,liq_1d,liq_3d,liq_5d,vol_mom_3v1,vol_mom_5v3,liq_mom_3v1,zscore_vol_10d,zscore_liq_10d
2025-10-01,14GMPMf3cRANLfJ9QYU19F5XogVGPjCB7f3NLACrpump,DETECTIVE,6395.93,6395.93,6395.93,6395.93,17452.45,17452.45,17452.45,1.0,1.0,1.0,0.0,0.0
2025-10-01,2JaJ353mgRVrGbrxsvHr17hseGtf1kD4ixErXGcNP1LL,PILL,20.77,20.77,20.77,20.77,10623.41,10623.41,10623.41,1.0,1.0,1.0,0.0,0.0
2025-10-01,2Jz5Wf6PGs4x1dJH4FvfMcgEERTmPadLBDsFmtyCpump,NeverDie,5.06,5.06,5.06,5.06,7946.58,7946.58,7946.58,1.0,1.0,1.0,0.0,0.0
2025-10-01,2UfyNHveDrYDogW1LypkworjhYVEte8tLDqRTZbguPLx,T-2049,109441.57,109441.57,109441.57,109441.57,65850.04,65850.04,65850.04,1.0,1.0,1.0,0.0,0.0
2025-10-01,2sjdF9vLNWkTpK2XgY2kVWCL4YTMu6vaVA4VxrzUpump,67,40083.9,40083.9,40083.9,40083.9,57379.59,57379.59,57379.59,1.0,1.0,1.0,0.0,0.0
2025-10-01,3BrXeqzNKUKsM6MgkWFZX4E2cY8SiwYNwwmVzP2Rpump,walkusa,14531.95,14531.95,14531.95,14531.95,40389.58,40389.58,40389.58,1.0,1.0,1.0,0.0,0.0
2025-10-01,3vgopg7xm3EWkXfxmWPUpcf7g939hecfqg18sLuXDzVt,HAROLD,11553.47,11553.47,11553.47,11553.47,582527.48,582527.48,582527.48,1.0,1.0,1.0,0.0,0.0
2025-10-01,3vz82EWYv8xnc7Cm7qSgERcpMeqw92PcX8PBz88npump,USDUT,58592.95,58592.95,58592.95,58592.95,150951.1,150951.1,150951.1,1.0,1.0,1.0,0.0,0.0
2025-10-01,44DNPJ2qisA7MMaUmKK5SXvAcPyV7bEzmnK7oYJkbonk,1nu,188489.97,188489.97,188489.97,188489.97,53951.15,53951.15,53951.15,1.0,1.0,1.0,0.0,0.0
2025-10-01,4CBToKTRKfBsv8RMfzMr6VfKQ8PLRYeG6RFGZmq4pump,grandma,941.98,941.98,941.98,941.98,16380.08,16380.08,16380.08,1.0,1.0,1.0,0.0,0.0
2025-10-01,4Xs7RvaV3nbWBvb6yWjxvwPKkBxefXe1bPJcvnVspump,BULLCOIN,10.79,10.79,10.79,10.79,9904.93,9904.93,9904.93,1.0,1.0,1.0,0.0,0.0
2025-10-01,4Y6HDaV4374KstQX8qD1L35WiQDwHZaHLez8xs6GrKcf,REVIVE,3.3,3.3,3.3,3.3,11302.56,11302.56,11302.56,1.0,1.0,1.0,0.0,0.0
2025-10-01,4bLnK5YuJaqkVX4uWtJ1Qtx3XoZ8eHH37STXSwujpump,DARE,1369.57,1369.57,1369.57,1369.57,13685.87,13685.87,13685.87,1.0,1.0,1.0,0.0,0.0
2025-10-01,4w4Kj3PmKjJWpsBVCNPeziC2ySdJ6A7cPfqnhyXxpump,ORE,16.67,16.67,16.67,16.67,8050.02,8050.02,8050.02,1.0,1.0,1.0,0.0,0.0
2025-10-01,5NnL7oRMtVW3ZqAt95gJQs12Fbz2caCYh9rgy1kQpump,Useless,18990.41,18990.41,18990.41,18990.41,36478.85,36478.85,36478.85,1.0,1.0,1.0,0.0,0.0
2025-10-01,6FtbGaqgZzti1TxJksBV4PSya5of9VqA9vJNDxPwbonk,gib,37995.33,37995.33,37995.33,37995.33,177524.6,177524.6,177524.6,1.0,1.0,1.0,0.0,0.0
2025-10-01,6NVo6X8ouYRVoKRWe7Y9J6CT4pWZXDthSJCBZ3vgUg8z,Bagwork,23.09,23.09,23.09,23.09,9463.24,9463.24,9463.24,1.0,1.0,1.0,0.0,0.0
2025-10-01,6jPg6gSrwtJyHWGTs7tUh2Zs1GzfKzHQNUGfAK1xpump,retail,136.0,136.0,136.0,136.0,8306.22,8306.22,8306.22,1.0,1.0,1.0,0.0,0.0
2025-10-01,6k1rwsNMBwbRJrWck3sEVCjn4MvF9ty8A6iSGfxjxREV,APOLLO,1893.86,1893.86,1893.86,1893.86,9318.98,9318.98,9318.98,1.0,1.0,1.0,0.0,0.0
2025-10-01,7N8qk43L1PCcaqudkEasGpKqcunX1ChXYo2VB1g8bonk,RWA,582.43,582.43,582.43,582.43,9274.73,9274.73,9274.73,1.0,1.0,1.0,0.0,0.0
2025-10-01,7PzU4m13VqkdgWcserfBdxX4cAPQXaZuFNuKarnT1deV,VIBECODER,20277.96,20277.96,20277.96,20277.96,56442.08,56442.08,56442.08,1.0,1.0,1.0,0.0,0.0
2025-10-01,7kN5FQMD8ja4bzysEgc5FXmryKd6gCgjiWnhksjHCFb3,LION,62090.26,62090.26,62090.26,62090.26,2118707.76,2118707.76,2118707.76,1.0,1.0,1.0,0.0,0.0
2025-10-01,7oBcd1aAkUjUTcfZsR3rQvnG5oMPDzjX9uDnRVn6pump,Jewcat,205.44,205.44,205.44,205.44,0.0,0.0,0.0,1.0,1.0,0.0,0.0,0.0
2025-10-01,7ukFzJA7V6f28YieCjXcEXqiK8tAfbyXyvK6b36pump,early,38782.89,38782.89,38782.89,38782.89,63971.48,63971.48,63971.48,1.0,1.0,1.0,0.0,0.0
2025-10-01,8AgJibpuXYU79bMSzhBv9BCUioxYkoeRVDYz3Tjopump,19,642.75,642.75,642.75,642.75,8417.78,8417.78,8417.78,1.0,1.0,1.0,0.0,0.0
2025-10-01,8X4TnmkHzavxEJuaYTkqjFbUgrwBgaXVuRHhGFR2pump,viewer,2.04,2.04,2.04,2.04,9400.45,9400.45,9400.45,1.0,1.0,1.0,0.0,0.0
2025-10-01,8erRtd8mLgNcNoWy2bhMdTgZyXaRR6u7t2hyXRc1pump,1dog,9853.4,9853.4,9853.4,9853.4,15495.85,15495.85,15495.85,1.0,1.0,1.0,0.0,0.0
2025-10-01,8wbfBYthc9fC4GsHgCtznZP1PAoXaZ8tnUGBtGMgpump,1,9704.63,9704.63,9704.63,9704.63,14555.56,14555.56,14555.56,1.0,1.0,1.0,0.0,0.0
2025-10-01,99YFbXS6iA7s1qkRDTMBXEywtLNmrRtHtGKvNxpKWcdT,MOON,1515.15,1515.15,1515.15,1515.15,13286.19,13286.19,13286.19,1.0,1.0,1.0,0.0,0.0
2025-10-01,9NcUwy9JVekfsY4UA62ZaTprn4TDnJZwp5B6vMAAtkzt,FLY,74.93,74.93,74.93,74.93,135.9,135.9,135.9,1.0,1.0,1.0,0.0,0.0
2025-10-01,9h5y3WCqfeNt2fiAP7iM2ZRp9apFb58ipvTzcWi9pump,AUSBAGWORK,864.15,864.15,864.15,864.15,23195.42,23195.42,23195.42,1.0,1.0,1.0,0.0,0.0
2025-10-01,9n4nbM75f5Ui33ZbPYXn59EwSgE8CGsHtAeTH5YFeJ9E,SOL,2850.38,2850.38,2850.38,2850.38,14676.54,14676.54,14676.54,1.0,1.0,1.0,0.0,0.0
2025-10-01,9zFU5vR7YNBzZU8HwJLUKjoDEonpgvHUdLbMgBa7pump,FARTWORM,2157.62,2157.62,2157.62,2157.62,18082.41,18082.41,18082.41,1.0,1.0,1.0,0.0,0.0
2025-10-01,A8YHuvQBMAxXoZAZE72FyC8B7jKHo8RJyByXRRffpump,XBT,276665.81,276665.81,276665.81,276665.81,477817.5,477817.5,477817.5,1.0,1.0,1.0,0.0,0.0
2025-10-01,AMKKkovbUqr5cxmsg22KxTgaRXq6z4f8umrze4JKpump,RUECAT,57889.22,57889.22,57889.22,57889.22,104399.63,104399.63,104399.63,1.0,1.0,1.0,0.0,0.0
2025-10-01,AkhHVVk58FmoS8h1fDWzHMZ9YrnqHcZi97mFzhjbpump,KENNY,2.26,2.26,2.26,2.26,8259.79,8259.79,8259.79,1.0,1.0,1.0,0.0,0.0
2025-10-01,B9zze29or7CJs1nBrigSCWSibfxvkmieFXcGg5cxbonk,DREAM,116997.28,116997.28,116997.28,116997.28,191646.88,191646.88,191646.88,1.0,1.0,1.0,0.0,0.0
2025-10-01,BVvSqvTb9ZVNEkP5UsamR1egAWSGEZiQDU42FS7mmoon,CRND,51367.27,51367.27,51367.27,51367.27,74920.63,74920.63,74920.63,1.0,1.0,1.0,0.0,0.0
2025-10-01,C8Hyu6bjPtuaTJ4Fj6V6L99rhUkkCuKByNZTyXiCpump,Streamless,6.34,6.34,6.34,6.34,9441.14,9441.14,9441.14,1.0,1.0,1.0,0.0,0.0
2025-10-01,CAamcXXVWM8b8DcpcT2rpEwwfNfBD2MXjHjCwRDBpump,7,102.52,102.52,102.52,102.52,12495.07,12495.07,12495.07,1.0,1.0,1.0,0.0,0.0
2025-10-01,CEqFiJoB6HLncfeieBw3PKKm9wyqrpSHV3VH4qZApump,CHARLIE,62131.44,62131.44,62131.44,62131.44,129122.01,129122.01,129122.01,1.0,1.0,1.0,0.0,0.0
2025-10-01,CZkxnM5PNPak31JSFNzJ76CWcYRu4mgxvBwcHaBJpump,AI4,137942.87,137942.87,137942.87,137942.87,126267.14,126267.14,126267.14,1.0,1.0,1.0,0.0,0.0
2025-10-01,DKffyw1oEVWR3ik7q7tb2shhmZ3jbTkRzT6R5banCxai,AI20X,51.32,51.32,51.32,51.32,2856793.86,2856793.86,2856793.86,1.0,1.0,1.0,0.0,0.0
2025-10-01,DiiTPZdpd9t3XorHiuZUu4E1FoSaQ7uGN4q9YkQupump,ELIZABETH,394252.31,394252.31,394252.31,394252.31,231080.18,231080.18,231080.18,1.0,1.0,1.0,0.0,0.0
2025-10-01,EVGox5PPxnFqTsMXMoUBSCUhszqK6UUYf9W7pkwfpump,1Bull,13818.28,13818.28,13818.28,13818.28,39217.27,39217.27,39217.27,1.0,1.0,1.0,0.0,0.0
2025-10-01,Et2bFLuPCW77hGW2g7UdrboPVuxatFZt4BaCzhCqpump,BAR,54289.13,54289.13,54289.13,54289.13,60028.37,60028.37,60028.37,1.0,1.0,1.0,0.0,0.0
2025-10-01,EzcwA7anSrdoH1TMKjbBTd91GD7KwMco9kFZh1AApump,obvious,132.59,132.59,132.59,132.59,9058.29,9058.29,9058.29,1.0,1.0,1.0,0.0,0.0
2025-10-01,F2yfGhxEi7Hw2mr2XQ3MLrdamiPt2rkdMf8PSyAGpump,Noxi,26.12,26.12,26.12,26.12,9891.75,9891.75,9891.75,1.0,1.0,1.0,0.0,0.0
2025-10-01,FwYBWjDBDqqfLQYewPZm1Vv555ireHpgUyJP4rMYpump,HAMSTERUN,59.08,59.08,59.08,59.08,8595.59,8595.59,8595.59,1.0,1.0,1.0,0.0,0.0
2025-10-01,FyrBf5xKg5EwKZ9pHvSpJeLLuCWBicTpm3VvZcsibonk,FARTLESS,1914.58,1914.58,1914.58,1914.58,3898.87,3898.87,3898.87,1.0,1.0,1.0,0.0,0.0
2025-10-01,GCU5AT6U8bKYK76KBssLf5a3a3KoNoMGStaVdfeipump,Mementoe,9.45,9.45,9.45,9.45,8438.99,8438.99,8438.99,1.0,1.0,1.0,0.0,0.0
2025-10-01,GS3pHMUtYSu5PPuDFey74frkiRQhPdvx8jEeN6Qzbonk,pibble,5523.5,5523.5,5523.5,5523.5,13479.5,13479.5,13479.5,1.0,1.0,1.0,0.0,0.0
2025-10-01,GcPf1ZsZHvnjauhXoFvGMmc2gM73aJ63AYxYC6JAQVoG,IDIOT,1997.97,1997.97,1997.97,1997.97,22381.22,22381.22,22381.22,1.0,1.0,1.0,0.0,0.0
2025-10-01,GuLvigFjAm1yyReTk6EeboHNnLj1tCi62pzWLorxbonk,SHITTER,62015.89,62015.89,62015.89,62015.89,27850.99,27850.99,27850.99,1.0,1.0,1.0,0.0,0.0
2025-10-01,GvV7sFu6FHJsSVXfpG7xqFnWar3c7YkcC74rqe7Bpump,RAGEGUY,65188.66,65188.66,65188.66,65188.66,165250.29,165250.29,165250.29,1.0,1.0,1.0,0.0,0.0
2025-10-01,HD3JBABeFkdZwUgKwhwJYqjLNrPWXEaDVfH4uMqRpump,USEFUL,12739.4,12739.4,12739.4,12739.4,87542.91,87542.91,87542.91,1.0,1.0,1.0,0.0,0.0
2025-10-01,HW2B2wvyEir3iqvYbYqbHWyR7rA6DqCR3WQSy4USpump,$CrepSol,1690.77,1690.77,1690.77,1690.77,21427.45,21427.45,21427.45,1.0,1.0,1.0,0.0,0.0
2025-10-01,HovYQgKum9HALgJmxGdESHNjsn3xezzio5HQVgiPHo1t,Hosico,1158.81,1158.81,1158.81,1158.81,9638.06,9638.06,9638.06,1.0,1.0,1.0,0.0,0.0
2025-10-01,HpQUbEAcHrhwSJyYfXLNZvJz9SBksRJJStn86gFdbonk,1% Club,759.61,759.61,759.61,759.61,7112.64,7112.64,7112.64,1.0,1.0,1.0,0.0,0.0
2025-10-01,HxMQWY4DLbUrPXyejuKvu2KJ618zdTRs9dXEuFGrpump,BLUB,56.03,56.03,56.03,56.03,9134.9,9134.9,9134.9,1.0,1.0,1.0,0.0,0.0
2025-10-01,JFjfTn5VJkHpacwz7rbnGXDxRUCySZhZ2EdTkrAmoon,HOODIE,206.62,206.62,206.62,206.62,69742.26,69742.26,69742.26,1.0,1.0,1.0,0.0,0.0
2025-10-01,LGiKAMtb4BuPdhpThjEbNWbDddqdM5FnxMMHqtzpump,SUPRACOIN,687.65,687.65,687.65,687.65,14446.99,14446.99,14446.99,1.0,1.0,1.0,0.0,0.0
2025-10-01,So11111111111111111111111111111111111111112,wSOL,259582561.83,259582561.83,259582561.83,259582561.83,56168439.7,56168439.7,56168439.7,1.0,1.0,1.0,0.0,0.0
2025-10-01,VnqKnEybGaw6G5ZAdjvPDri5RzDLPXznqxBunG13GJE,YAO,29.86,29.86,29.86,29.86,897.45,897.45,897.45,1.0,1.0,1.0,0.0,0.0
2025-10-01,iD9FqgeKmp58a4pTvh45MtKkHkudKNptFRdR8m6pump,MINDWORMS,199.06,199.06,199.06,199.06,8673.87,8673.87,8673.87,1.0,1.0,1.0,0.0,0.0
2025-10-01,qG9NJP4pgFxWWfpFWV7GcYkTKyafDGsnUGCDZLRpump,1,1939.0,1939.0,1939.0,1939.0,10485.2,10485.2,10485.2,1.0,1.0,1.0,0.0,0.0
2025-10-02,DiiTPZdpd9t3XorHiuZUu4E1FoSaQ7uGN4q9YkQupump,ELIZABETH,4.47,394256.78,394256.78,394256.78,46.69,115563.435,115563.435,88200.62192393736,1.0,2475.121760548298,-1.0,-1.0
2025-10-02,EzcwA7anSrdoH1TMKjbBTd91GD7KwMco9kFZh1AApump,obvious,3.91,136.5,136.5,136.5,9058.29,9058.29,9058.29,34.91048593350384,1.0,1.0,-1.0,0.0
2025-10-02,6jPg6gSrwtJyHWGTs7tUh2Zs1GzfKzHQNUGfAK1xpump,retail,5.48,141.48,141.48,141.48,8341.17,8323.695,8323.695,25.81751824817518,1.0,0.9979049701660558,-1.0,1.0
2025-10-02,JFjfTn5VJkHpacwz7rbnGXDxRUCySZhZ2EdTkrAmoon,HOODIE,93.68,300.3,300.3,300.3,6074.85,37908.555,37908.555,3.205593509820666,1.0,6.240245438158967,-1.0,-1.0
2025-10-02,2UfyNHveDrYDogW1LypkworjhYVEte8tLDqRTZbguPLx,T-2049,59686.15,169127.72,169127.72,169127.72,81765.93,73807.98499999999,73807.98499999999,2.833617514280951,1.0,0.9026740721960845,-1.0,1.0
2025-10-02,Et2bFLuPCW77hGW2g7UdrboPVuxatFZt4BaCzhCqpump,BAR,32230.12,86519.25,86519.25,86519.25,63019.69,61524.03,61524.03,2.684422211273182,1.0,0.9762667826515807,-1.0,1.000000000000001
2025-10-02,BVvSqvTb9ZVNEkP5UsamR1egAWSGEZiQDU42FS7mmoon,CRND,30591.85,81959.12,81959.12,81959.12,71671.96,73296.29500000001,73296.29500000001,2.679116169829546,1.0,1.022663465600773,-1.0,-1.000000000000002
2025-10-02,7PzU4m13VqkdgWcserfBdxX4cAPQXaZuFNuKarnT1deV,VIBECODER,12397.99,32675.95,32675.95,32675.95,61729.01,59085.545,59085.545,2.635584477806483,1.0,0.957176293609763,-0.9999999999999999,1.000000000000001
2025-10-02,2JaJ353mgRVrGbrxsvHr17hseGtf1kD4ixErXGcNP1LL,PILL,12.82,33.59,33.59,33.59,10804.01,10713.71,10713.71,2.6201248049922,1.0,0.9916419921862345,-1.0,1.000000000000005
2025-10-02,FyrBf5xKg5EwKZ9pHvSpJeLLuCWBicTpm3VvZcsibonk,FARTLESS,1372.62,3287.2,3287.2,3287.2,4060.69,3979.78,3979.78,2.394836152758957,1.0,0.9800748148713642,-1.0,1.000000000000001
2025-10-02,DKffyw1oEVWR3ik7q7tb2shhmZ3jbTkRzT6R5banCxai,AI20X,40.91,92.22999999999999,92.22999999999999,92.22999999999999,2920441.85,2888617.855,2888617.855,2.254461011977511,1.0,0.9891030204898618,-0.9999999999999997,1.0
2025-10-02,9n4nbM75f5Ui33ZbPYXn59EwSgE8CGsHtAeTH5YFeJ9E,SOL,2279.91,5130.29,5130.29,5130.29,22034.24,18355.39,18355.39,2.250216017298929,1.0,0.8330393968659685,-1.0,1.0
2025-10-02,HxMQWY4DLbUrPXyejuKvu2KJ618zdTRs9dXEuFGrpump,BLUB,54.46,110.49,110.49,110.49,9134.9,9134.9,9134.9,2.028828497980169,1.0,1.0,-1.000000000000002,0.0
2025-10-02,44DNPJ2qisA7MMaUmKK5SXvAcPyV7bEzmnK7oYJkbonk,1nu,193233.18,381723.15,381723.15,381723.15,57439.18,55695.165,55695.165,1.97545343920749,1.0,0.9696371884139015,0.9999999999999969,1.0
2025-10-02,99YFbXS6iA7s1qkRDTMBXEywtLNmrRtHtGKvNxpKWcdT,MOON,1564.6,3079.75,3079.75,3079.75,13469.47,13377.83,13377.83,1.968394477821808,1.0,0.9931964657852166,1.0,1.0
2025-10-02,FwYBWjDBDqqfLQYewPZm1Vv555ireHpgUyJP4rMYpump,HAMSTERUN,62.11,121.19,121.19,121.19,8548.65,8572.119999999999,8572.119999999999,1.951215585251972,1.0,1.002745462733882,1.0,-0.9999999999999806
2025-10-02,8erRtd8mLgNcNoWy2bhMdTgZyXaRR6u7t2hyXRc1pump,1dog,10375.88,20229.28,20229.28,20229.28,16590.32,16043.085,16043.085,1.949644753023358,1.0,0.9670148014022635,1.0,1.000000000000001
2025-10-02,So11111111111111111111111111111111111111112,wSOL,273677061.63,533259623.46,533259623.46,533259623.46,55970866.16,56069652.93,56069652.93,1.948499520873053,1.0,1.00176496768368,0.9999999999999989,-1.0
2025-10-02,9NcUwy9JVekfsY4UA62ZaTprn4TDnJZwp5B6vMAAtkzt,FLY,79.01,153.94,153.94,153.94,146.53,141.215,141.215,1.948360966966207,1.0,0.9637275643212994,1.000000000000002,1.0
2025-10-02,A8YHuvQBMAxXoZAZE72FyC8B7jKHo8RJyByXRRffpump,XBT,295773.41,572439.22,572439.22,572439.22,475031.37,476424.435,476424.435,1.93539784391031,1.0,1.002932574747643,1.0,-1.0
2025-10-02,HpQUbEAcHrhwSJyYfXLNZvJz9SBksRJJStn86gFdbonk,1% Club,835.04,1594.65,1594.65,1594.65,6780.68,6946.66,6946.66,1.909668997892317,1.0,1.024478370900854,0.9999999999999992,-0.9999999999999987
2025-10-02,6FtbGaqgZzti1TxJksBV4PSya5of9VqA9vJNDxPwbonk,gib,42042.81,80038.14,80038.14,80038.14,182117.74,179821.17,179821.17,1.903729555660052,1.0,0.9873896414484388,1.0,1.000000000000003
2025-10-02,GuLvigFjAm1yyReTk6EeboHNnLj1tCi62pzWLorxbonk,SHITTER,69189.28,131205.17,131205.17,131205.17,30755.91,29303.45,29303.45,1.896322233733318,1.0,0.9527746049458462,1.000000000000001,1.0
2025-10-02,7ukFzJA7V6f28YieCjXcEXqiK8tAfbyXyvK6b36pump,early,43778.32,82561.20999999999,82561.20999999999,82561.20999999999,69185.7,66578.59,66578.59,1.885892606203253,1.0,0.9623172129500749,1.000000000000001,1.000000000000001
2025-10-02,3BrXeqzNKUKsM6MgkWFZX4E2cY8SiwYNwwmVzP2Rpump,walkusa,16684.65,31216.6,31216.6,31216.6,40633.46,40511.52,40511.52,1.870977215584384,1.0,0.9969990249415138,1.0,0.9999999999999851
2025-10-02,CEqFiJoB6HLncfeieBw3PKKm9wyqrpSHV3VH4qZApump,CHARLIE,74895.19,137026.63,137026.63,137026.63,136357.94,132739.975,132739.975,1.82957850831275,1.0,0.9734671483010083,1.0,0.999999999999999
2025-10-02,6NVo6X8ouYRVoKRWe7Y9J6CT4pWZXDthSJCBZ3vgUg8z,Bagwork,27.96,51.05,51.05,51.05,9636.36,9549.8,9549.8,1.825822603719599,1.0,0.9910173551008886,1.0,1.000000000000005
2025-10-02,CAamcXXVWM8b8DcpcT2rpEwwfNfBD2MXjHjCwRDBpump,7,142.45,244.97,244.97,244.97,12703.85,12599.46,12599.46,1.71969111969112,1.0,0.9917828059997559,1.0,1.000000000000004
2025-10-02,3vz82EWYv8xnc7Cm7qSgERcpMeqw92PcX8PBz88npump,USDUT,91492.08,150085.03,150085.03,150085.03,166990.72,158970.91,158970.91,1.640415541979153,1.0,0.9519745169072868,1.0,1.0
2025-10-02,2Jz5Wf6PGs4x1dJH4FvfMcgEERTmPadLBDsFmtyCpump,NeverDie,8.22,13.28,13.28,13.28,7945.7,7946.139999999999,7946.139999999999,1.615571776155718,1.0,1.000055375863675,0.9999999999999999,-0.9999999999994832
2025-10-02,7N8qk43L1PCcaqudkEasGpKqcunX1ChXYo2VB1g8bonk,RWA,948.13,1530.56,1530.56,1530.56,9485.74,9380.235,9380.235,1.614293398584582,1.0,0.9888775150910736,1.0,0.9999999999999957
2025-10-02,F2yfGhxEi7Hw2mr2XQ3MLrdamiPt2rkdMf8PSyAGpump,Noxi,48.25,74.37,74.37,74.37,10029.65,9960.7,9960.7,1.541347150259067,1.0,0.9931253832386974,0.9999999999999999,0.9999999999999934
2025-10-02,iD9FqgeKmp58a4pTvh45MtKkHkudKNptFRdR8m6pump,MINDWORMS,370.19,569.25,569.25,569.25,8662.39,8668.130000000001,8668.130000000001,1.537723871525433,1.0,1.000662634677035,1.0,-1.000000000000079
2025-10-02,GS3pHMUtYSu5PPuDFey74frkiRQhPdvx8jEeN6Qzbonk,pibble,10742.41,16265.91,16265.91,16265.91,9789.19,11634.345,11634.345,1.514176986355948,1.0,1.188489037397374,1.0,-1.0
2025-10-02,AkhHVVk58FmoS8h1fDWzHMZ9YrnqHcZi97mFzhjbpump,KENNY,6.7,8.96,8.96,8.96,8389.54,8324.665,8324.665,1.337313432835821,1.0,0.9922671564829538,0.9999999999999998,1.0
2025-10-02,C8Hyu6bjPtuaTJ4Fj6V6L99rhUkkCuKByNZTyXiCpump,Streamless,19.34,25.68,25.68,25.68,10152.23,9796.685,9796.685,1.327817993795243,1.0,0.964978630310779,1.0,1.0
2025-10-02,GCU5AT6U8bKYK76KBssLf5a3a3KoNoMGStaVdfeipump,Mementoe,57.85,67.3,67.3,67.3,8326.25,8382.619999999999,8382.619999999999,1.163353500432152,1.0,1.006770154631437,1.0,-0.9999999999999919
2025-10-02,HD3JBABeFkdZwUgKwhwJYqjLNrPWXEaDVfH4uMqRpump,USEFUL,88560.81,101300.21,101300.21,101300.21,106667.13,97105.02,97105.02,1.143849181144572,1.0,0.9103556081428271,1.0,1.0
2025-10-02,5NnL7oRMtVW3ZqAt95gJQs12Fbz2caCYh9rgy1kQpump,Useless,240068.21,259058.62,259058.62,259058.62,73563.77,55021.31,55021.31,1.07910422625303,1.0,0.7479403244287235,1.0,1.0
2025-10-02,14GMPMf3cRANLfJ9QYU19F5XogVGPjCB7f3NLACrpump,DETECTIVE,110479.88,116875.81,116875.81,116875.81,26675.7,22064.075,22064.075,1.057892260563643,1.0,0.8271226247108792,1.0,1.0
2025-10-02,2sjdF9vLNWkTpK2XgY2kVWCL4YTMu6vaVA4VxrzUpump,67,1008177.73,1048261.63,1048261.63,1048261.63,80684.73,69032.16,69032.16,1.03975876356642,1.0,0.8555789924561935,1.0,0.9999999999999997
2025-10-02,VnqKnEybGaw6G5ZAdjvPDri5RzDLPXznqxBunG13GJE,YAO,8481.83,8511.69,8511.69,8511.69,62061.65,31479.55,31479.55,1.00352046669174,1.0,0.5072303105057632,0.9999999999999998,1.0
2025-10-02,4h49bD28nPPLXWB1ZmP8JPuv4iKk3KzFpS8bSmGJpump,MOONCOIN,5.57,5.57,5.57,5.57,8005.21,8005.21,8005.21,1.0,1.0,1.0,0.0,0.0
2025-10-02,4ky1REfghVawQ6EPZGdx7zss5KNKStwE8swjii3uU5sD,MOCHI,267.34,267.34,267.34,267.34,24574.96,24574.96,24574.96,1.0,1.0,1.0,0.0,0.0
2025-10-02,8ghXDEBVbbYtfdV2cU8jpqsNmiZtDkSjBYmRzj8cpump,1cat,99.0,99.0,99.0,99.0,0.0,0.0,0.0,1.0,1.0,0.0,0.0,0.0
2025-10-02,8z55m3BmsPkmDfi5b5dAomBvYi1cDmW92hrEJTLdpump,PILL,48.33,48.33,48.33,48.33,11153.88,11153.88,11153.88,1.0,1.0,1.0,0.0,0.0
2025-10-02,B1PrDviUajpkxghL1v2w2P8jnxu3FNjcxUDdBNanPLyR,Supershiro,5.79,5.79,5.79,5.79,8265.62,8265.62,8265.62,1.0,1.0,1.0,0.0,0.0
2025-10-02,CmLrhRd762bfytq6f3ZV5iuivN1Q8oyPw4evyW4Mbonk,Pochita,80.74,80.74,80.74,80.74,9632.41,9632.41,9632.41,1.0,1.0,1.0,0.0,0.0
2025-10-02,Fk6e19okXWGxtrHmXBLzkFeDPR2uuyeVYsqGyt89pump,GAZABOY,5.3,5.3,5.3,5.3,8495.11,8495.11,8495.11,1.0,1.0,1.0,0.0,0.0
2025-10-02,H2zbT5whzb2ZpM1fQ8gqhTQ5V3ytywSYMdto9Dcy5r3e,COUNT,3.86,3.86,3.86,3.86,8411.92,8411.92,8411.92,1.0,1.0,1.0,0.0,0.0
2025-10-03,A8YHuvQBMAxXoZAZE72FyC8B7jKHo8RJyByXRRffpump,XBT,3.73,572442.95,572442.95,572442.95,17.34,317622.07,317622.07,153469.9597855228,1.0,18317.30507497117,-1.411855887028904,-1.414195424589232
2025-10-03,6FtbGaqgZzti1TxJksBV4PSya5of9VqA9vJNDxPwbonk,gib,2.66,80040.8,80040.8,80040.8,83.75,119908.6966666667,119908.6966666667,30090.52631578947,1.0,1431.745631840796,-1.408819089764611,-1.413867360727354
2025-10-03,HD3JBABeFkdZwUgKwhwJYqjLNrPWXEaDVfH4uMqRpump,USEFUL,13.22,101313.43,101313.43,101313.43,61.11,64757.05,64757.05,7663.648260211799,1.0,1059.680085092456,-0.8636179556960711,-1.394057099868172
2025-10-03,EzcwA7anSrdoH1TMKjbBTd91GD7KwMco9kFZh1AApump,obvious,2.75,139.25,139.25,139.25,9548.35,9221.643333333333,9221.643333333333,50.63636363636363,1.0,0.9657839661651838,-0.7166036742148956,1.414213562373096
2025-10-03,DKffyw1oEVWR3ik7q7tb2shhmZ3jbTkRzT6R5banCxai,AI20X,3.93,96.16,96.16,96.16,3029302.92,2935512.876666666,2935512.876666666,24.46819338422392,1.0,0.9690390674652856,-1.382984564178678,1.316753404318987
2025-10-03,8wbfBYthc9fC4GsHgCtznZP1PAoXaZ8tnUGBtGMgpump,1,997.15,10701.78,10701.78,10701.78,14973.28,14764.42,14764.42,10.73236724665296,1.0,0.9860511524529028,-1.0,1.0
2025-10-03,GS3pHMUtYSu5PPuDFey74frkiRQhPdvx8jEeN6Qzbonk,pibble,2030.03,18295.94,18295.94,18295.94,8298.68,10522.45666666667,10522.45666666667,9.012645133323153,1.0,1.267967516119029,-1.136488454848801,-1.021164291739189
2025-10-03,B9zze29or7CJs1nBrigSCWSibfxvkmieFXcGg5cxbonk,DREAM,15526.44,132523.72,132523.72,132523.72,208893.75,200270.315,200270.315,8.535357751036297,1.0,0.9587185590760854,-1.0,1.0
2025-10-03,GuLvigFjAm1yyReTk6EeboHNnLj1tCi62pzWLorxbonk,SHITTER,19049.49,150254.66,150254.66,150254.66,32249.4,30285.43333333333,30285.43333333333,7.887594890991831,1.0,0.9391006757748465,-1.401787187911386,1.075438530117362
2025-10-03,CmLrhRd762bfytq6f3ZV5iuivN1Q8oyPw4evyW4Mbonk,Pochita,14.04,94.78,94.78,94.78,10130.64,9881.525,9881.525,6.750712250712251,1.0,0.9754097470643514,-1.0,1.0
2025-10-03,44DNPJ2qisA7MMaUmKK5SXvAcPyV7bEzmnK7oYJkbonk,1nu,89989.32,471712.47,471712.47,471712.47,48590.7,53327.01,53327.01,5.241871702108649,1.0,1.097473590625367,-1.41304242516208,-1.301457077054241
2025-10-03,FyrBf5xKg5EwKZ9pHvSpJeLLuCWBicTpm3VvZcsibonk,FARTLESS,826.18,4113.38,4113.38,4113.38,3936.96,3965.506666666667,3965.506666666667,4.978793967416302,1.0,1.007250941504782,-1.226421812852881,-0.4132538898178174
2025-10-03,qG9NJP4pgFxWWfpFWV7GcYkTKyafDGsnUGCDZLRpump,1,635.69,2574.69,2574.69,2574.69,9432.58,9958.89,9958.89,4.050228885148421,1.0,1.055797035381624,-1.0,-0.9999999999999991
2025-10-03,9NcUwy9JVekfsY4UA62ZaTprn4TDnJZwp5B6vMAAtkzt,FLY,53.22,207.16,207.16,207.16,8809.02,3030.483333333334,3030.483333333334,3.892521608417888,1.0,0.3440204850634161,-1.398817769019796,1.414212764756535
2025-10-03,AMKKkovbUqr5cxmsg22KxTgaRXq6z4f8umrze4JKpump,RUECAT,21218.25,79107.47,79107.47,79107.47,99546.81,101973.22,101973.22,3.728274951987087,1.0,1.024374563082433,-1.0,-1.0
2025-10-03,4w4Kj3PmKjJWpsBVCNPeziC2ySdJ6A7cPfqnhyXxpump,ORE,6.38,23.05,23.05,23.05,8418.78,8234.400000000001,8234.400000000001,3.612852664576803,1.0,0.9780989644580332,-1.0,0.9999999999999976
2025-10-03,7N8qk43L1PCcaqudkEasGpKqcunX1ChXYo2VB1g8bonk,RWA,617.64,2148.2,2148.2,2148.2,8497.09,9085.853333333333,9085.853333333333,3.478077844699177,1.0,1.069289996143778,-0.5975322008266005,-1.384877029964094
2025-10-03,6k1rwsNMBwbRJrWck3sEVCjn4MvF9ty8A6iSGfxjxREV,APOLLO,780.16,2674.02,2674.02,2674.02,6379.17,7849.075,7849.075,3.427527686628384,1.0,1.230422609837957,-1.0,-1.0
2025-10-03,4CBToKTRKfBsv8RMfzMr6VfKQ8PLRYeG6RFGZmq4pump,grandma,489.46,1431.44,1431.44,1431.44,16353.97,16367.025,16367.025,2.924529072855801,1.0,1.000798277115587,-1.0,-1.0
2025-10-03,So11111111111111111111111111111111111111112,wSOL,319839257.62,853098881.08,853098881.08,853098881.08,56782453.16,56307253.00666666,56307253.00666666,2.667273828197676,1.0,0.9916312148051383,1.378409895391947,1.375149453076937
2025-10-03,HW2B2wvyEir3iqvYbYqbHWyR7rA6DqCR3WQSy4USpump,$CrepSol,1083.37,2774.14,2774.14,2774.14,22086.03,21756.74,21756.74,2.560657946961795,1.0,0.9850905753546472,-1.0,1.000000000000003
2025-10-03,CZkxnM5PNPak31JSFNzJ76CWcYRu4mgxvBwcHaBJpump,AI4,93795.47,231738.34,231738.34,231738.34,121099.95,123683.545,123683.545,2.470677315226418,1.0,1.021334401872173,-1.0,-1.0
2025-10-03,EVGox5PPxnFqTsMXMoUBSCUhszqK6UUYf9W7pkwfpump,1Bull,9516.66,23334.94,23334.94,23334.94,37321.95,38269.61,38269.61,2.452009423474202,1.0,1.025391492138005,-1.0,-1.000000000000002
2025-10-03,HovYQgKum9HALgJmxGdESHNjsn3xezzio5HQVgiPHo1t,Hosico,840.06,1998.87,1998.87,1998.87,10050.65,9844.355,9844.355,2.379437183058353,1.0,0.9794744618507261,-1.0,1.0
2025-10-03,AkhHVVk58FmoS8h1fDWzHMZ9YrnqHcZi97mFzhjbpump,KENNY,6.59,15.55,15.55,15.55,8777.04,8475.456666666667,8475.456666666667,2.359635811836116,1.0,0.9656395170429514,0.6803390421931492,1.372506070404804
2025-10-03,3vgopg7xm3EWkXfxmWPUpcf7g939hecfqg18sLuXDzVt,HAROLD,9412.73,20966.2,20966.2,20966.2,609423.68,595975.5800000001,595975.5800000001,2.22743029917994,1.0,0.9779330858951855,-0.9999999999999996,0.9999999999999979
2025-10-03,LGiKAMtb4BuPdhpThjEbNWbDddqdM5FnxMMHqtzpump,SUPRACOIN,655.99,1343.64,1343.64,1343.64,15171.81,14809.4,14809.4,2.04826293083736,1.0,0.9761129357670575,-0.9999999999999982,1.0
2025-10-03,4bLnK5YuJaqkVX4uWtJ1Qtx3XoZ8eHH37STXSwujpump,DARE,1762.65,3132.22,3132.22,3132.22,14354.95,14020.41,14020.41,1.77699486568519,1.0,0.9766951469702089,0.9999999999999997,1.000000000000001
2025-10-03,GcPf1ZsZHvnjauhXoFvGMmc2gM73aJ63AYxYC6JAQVoG,IDIOT,2825.26,4823.23,4823.23,4823.23,19480.68,20930.95,20930.95,1.707180932020416,1.0,1.074446579893515,0.9999999999999999,-1.0
2025-10-03,9zFU5vR7YNBzZU8HwJLUKjoDEonpgvHUdLbMgBa7pump,FARTWORM,3269.5,5427.12,5427.12,5427.12,17828.82,17955.615,17955.615,1.659923535708824,1.0,1.007111799883559,1.0,-0.9999999999999928
2025-10-03,9n4nbM75f5Ui33ZbPYXn59EwSgE8CGsHtAeTH5YFeJ9E,SOL,7876.07,13006.36,13006.36,13006.36,19028.72,18579.83333333333,18579.83333333333,1.651376892282572,1.0,0.976410044045702,1.40813411537949,0.1486137368389321
2025-10-03,7kN5FQMD8ja4bzysEgc5FXmryKd6gCgjiWnhksjHCFb3,LION,96869.1,158959.36,158959.36,158959.36,2168881.31,2143794.535,2143794.535,1.640970753315557,1.0,0.9884333112723444,1.0,0.9999999999999953
2025-10-03,4Xs7RvaV3nbWBvb6yWjxvwPKkBxefXe1bPJcvnVspump,BULLCOIN,17.65,28.44,28.44,28.44,10193.75,10049.34,10049.34,1.611331444759207,1.0,0.9858334763948498,1.0,1.0
2025-10-03,DiiTPZdpd9t3XorHiuZUu4E1FoSaQ7uGN4q9YkQupump,ELIZABETH,730915.78,1125172.56,1125172.56,1125172.56,238700.14,156609.0033333333,156609.0033333333,1.539401105829183,1.0,0.6560909571872615,1.191349487649185,0.7412294130284227
2025-10-03,8X4TnmkHzavxEJuaYTkqjFbUgrwBgaXVuRHhGFR2pump,viewer,3.81,5.85,5.85,5.85,9955.18,9677.815,9677.815,1.535433070866142,1.0,0.9721386253186783,1.0,1.0
2025-10-03,GvV7sFu6FHJsSVXfpG7xqFnWar3c7YkcC74rqe7Bpump,RAGEGUY,124315.32,189503.98,189503.98,189503.98,186049.81,175650.05,175650.05,1.524381548468845,1.0,0.9441022809966857,1.0,1.000000000000001
2025-10-03,9h5y3WCqfeNt2fiAP7iM2ZRp9apFb58ipvTzcWi9pump,AUSBAGWORK,1669.42,2533.57,2533.57,2533.57,21044.15,22119.785,22119.785,1.517634867199387,1.0,1.051113254752508,0.9999999999999999,-1.0
2025-10-03,8z55m3BmsPkmDfi5b5dAomBvYi1cDmW92hrEJTLdpump,PILL,105.7,154.03,154.03,154.03,11693.64,11423.76,11423.76,1.457237464522233,1.0,0.9769207877102424,1.0,1.000000000000002
2025-10-03,JFjfTn5VJkHpacwz7rbnGXDxRUCySZhZ2EdTkrAmoon,HOODIE,726.9,1027.2,1027.2,1027.2,5449.46,27088.85666666666,27088.85666666666,1.41312422616591,1.0,4.970924947915328,1.394305897776493,-0.7174487714524017
2025-10-03,8AgJibpuXYU79bMSzhBv9BCUioxYkoeRVDYz3Tjopump,19,9031.9,9674.65,9674.65,9674.65,9886.49,9152.135,9152.135,1.071164428304122,1.0,0.9257213631936108,1.0,1.0
2025-10-03,Fk6e19okXWGxtrHmXBLzkFeDPR2uuyeVYsqGyt89pump,GAZABOY,114.74,120.04,120.04,120.04,8779.53,8637.32,8637.32,1.046191389227819,1.0,0.9838020941895522,1.0,1.000000000000003
2025-10-03,4Y6HDaV4374KstQX8qD1L35WiQDwHZaHLez8xs6GrKcf,REVIVE,119.24,122.54,122.54,122.54,11567.46,11435.01,11435.01,1.027675276752767,1.0,0.9885497767011945,1.0,1.000000000000003
2025-10-03,3nJXYRGSFdfhVAg48cLE3iF3Hhda4CXqTt9XS56Mpump,YOU,14.04,14.04,14.04,14.04,0.0,0.0,0.0,1.0,1.0,0.0,0.0,0.0
2025-10-03,4Wt3BgMs8m1qiCcMXwSf2SC5gnJW6Adi7uq7cZTCpump,BIRCHY,3.26,3.26,3.26,3.26,0.0,0.0,0.0,1.0,1.0,0.0,0.0,0.0
2025-10-03,6asZKPjABE4c7V46psw1yDrmCQBzefGtxKCzR8zmbonk,BONKZ,4.89,4.89,4.89,4.89,5932.68,5932.68,5932.68,1.0,1.0,1.0,0.0,0.0
2025-10-03,6rhFUUZsUbjD4tSHrLetmCuvuM3L2ASTLEAgemZtpump,AMG,33.74,33.74,33.74,33.74,0.0,0.0,0.0,1.0,1.0,0.0,0.0,0.0
2025-10-03,7Rw4dgDuwESJEcCAbhxAghLcmkXM5QotupWq8PPc1UeC,JIFFPOM,72.02,72.02,72.02,72.02,13013.6,13013.6,13013.6,1.0,1.0,1.0,0.0,0.0
2025-10-03,DHSZ2zaQ2mNtTJFXH3iNUG1oWXr6ZFj4TyfqVdexpump,UPC,12.31,12.31,12.31,12.31,8226.41,8226.41,8226.41,1.0,1.0,1.0,0.0,0.0
2025-10-03,Eo2cfEkpeVZrKjRtG34WZc3qzyeZeXjCRGWsEs4JTaNH,MoneyBear,107.57,107.57,107.57,107.57,10229.08,10229.08,10229.08,1.0,1.0,1.0,0.0,0.0
2025-10-03,Hcz9pkmcmxW4DWkz9CxDFz5Q2Kswkq1jTkjB9hVgJ4Kp,Fun,136.18,136.18,136.18,136.18,0.0,0.0,0.0,1.0,1.0,0.0,0.0,0.0
2025-10-04,DiiTPZdpd9t3XorHiuZUu4E1FoSaQ7uGN4q9YkQupump,ELIZABETH,63.47,730983.72,1125236.03,1125236.03,73.68,79606.83666666667,117475.1725,11516.99574602174,1.539344857092029,1080.440237061165,-0.9208383085849509,-0.999621964829258
2025-10-04,8AgJibpuXYU79bMSzhBv9BCUioxYkoeRVDYz3Tjopump,19,50.37,9725.02,9725.02,9725.02,9213.13,9172.466666666667,9172.466666666667,193.0716696446298,1.0,0.9955863714792549,-0.7780925055613679,0.06773977786936061
2025-10-04,LGiKAMtb4BuPdhpThjEbNWbDddqdM5FnxMMHqtzpump,SUPRACOIN,10.12,1353.76,1353.76,1353.76,14798.58,14805.79333333333,14805.79333333333,133.7707509881423,1.0,1.000487434154719,-1.413001047690049,-0.02437344676643779
2025-10-04,4CBToKTRKfBsv8RMfzMr6VfKQ8PLRYeG6RFGZmq4pump,grandma,11.31,1442.75,1442.75,1442.75,16129.28,16287.77666666667,16287.77666666667,127.5641025641026,1.0,1.009826642396106,-1.235831541473865,-1.407860210192645
2025-10-04,GCU5AT6U8bKYK76KBssLf5a3a3KoNoMGStaVdfeipump,Mementoe,0.78,68.08,68.08,68.08,8601.3,8455.513333333334,8455.513333333334,87.28205128205127,1.0,0.9830506241304611,-0.872685415881519,1.291348447441641
2025-10-04,2UfyNHveDrYDogW1LypkworjhYVEte8tLDqRTZbguPLx,T-2049,2062.75,171190.47,171190.47,171190.47,57459.08,68358.34999999999,68358.34999999999,82.9913804387347,1.0,1.189687513270313,-1.253537298152808,-1.081224100071648
2025-10-04,4Y6HDaV4374KstQX8qD1L35WiQDwHZaHLez8xs6GrKcf,REVIVE,1.59,124.13,124.13,124.13,11511.88,11460.63333333333,11460.63333333333,78.0691823899371,1.0,0.9955483668465387,-0.7225778646817459,0.4493170743850607
2025-10-04,6NVo6X8ouYRVoKRWe7Y9J6CT4pWZXDthSJCBZ3vgUg8z,Bagwork,0.69,51.74,51.74,51.74,9771.65,9623.75,9623.75,74.98550724637683,1.0,0.984864378073304,-1.394251560107975,1.171733960052995
2025-10-04,2sjdF9vLNWkTpK2XgY2kVWCL4YTMu6vaVA4VxrzUpump,67,20317.56,1068579.19,1068579.19,1068579.19,53003.1,63689.13999999999,63689.13999999999,52.59387396911833,1.0,1.201611603849586,-0.7284326894967352,-0.8795249046099457
2025-10-04,7N8qk43L1PCcaqudkEasGpKqcunX1ChXYo2VB1g8bonk,RWA,43.64,1609.41,2191.84,2191.84,8330.81,8771.213333333333,8897.092499999999,36.87923923006417,1.361890382189747,1.052864407342543,-1.555406114411661,-1.150067757104076
2025-10-04,Eo2cfEkpeVZrKjRtG34WZc3qzyeZeXjCRGWsEs4JTaNH,MoneyBear,4.18,111.75,111.75,111.75,9957.53,10093.305,10093.305,26.73444976076555,1.0,1.013635409584505,-1.0,-1.0
2025-10-04,14GMPMf3cRANLfJ9QYU19F5XogVGPjCB7f3NLACrpump,DETECTIVE,6576.25,123452.06,123452.06,123452.06,25157.39,23095.18,23095.18,18.77240980802129,1.0,0.9180276650320246,-0.7052668546443916,0.5107170074356259
2025-10-04,HxMQWY4DLbUrPXyejuKvu2KJ618zdTRs9dXEuFGrpump,BLUB,6.53,117.02,117.02,117.02,8958.68,9076.16,9076.16,17.92036753445635,1.0,1.013113539048163,-1.413663050725696,-1.414213562373095
2025-10-04,GuLvigFjAm1yyReTk6EeboHNnLj1tCi62pzWLorxbonk,SHITTER,5234.66,93473.43,155489.32,155489.32,25697.78,29567.69666666667,29138.52,17.85663825348733,1.663460087000124,1.150593423504547,-1.232558538296481,-1.355053997151347
2025-10-04,B9zze29or7CJs1nBrigSCWSibfxvkmieFXcGg5cxbonk,DREAM,7913.63,140437.35,140437.35,140437.35,190445.57,196995.4,196995.4,17.7462618292743,1.0,1.03439213629385,-0.7822728118848054,-0.7771801216573223
2025-10-04,99YFbXS6iA7s1qkRDTMBXEywtLNmrRtHtGKvNxpKWcdT,MOON,190.84,3270.59,3270.59,3270.59,13910.61,13555.42333333333,13555.42333333333,17.13786417941731,1.0,0.9744664923632632,-1.413501522468886,1.355344831855223
2025-10-04,8erRtd8mLgNcNoWy2bhMdTgZyXaRR6u7t2hyXRc1pump,1dog,1288.07,21517.35,21517.35,21517.35,14671.94,15586.03666666667,15586.03666666667,16.70510919437608,1.0,1.062302372192544,-1.412358977472801,-1.163317072195459
2025-10-04,9NcUwy9JVekfsY4UA62ZaTprn4TDnJZwp5B6vMAAtkzt,FLY,8.65,140.88,215.81,215.81,148.88,3034.81,2310.0825,16.28670520231214,1.5318710959682,20.3842692101021,-1.621885194370171,-0.5759878989324911
2025-10-04,AMKKkovbUqr5cxmsg22KxTgaRXq6z4f8umrze4JKpump,RUECAT,6115.69,85223.16,85223.16,85223.16,88162.76,97369.73333333334,97369.73333333334,13.93516675959704,1.0,1.104431546078337,-1.025428842772613,-1.352955313046299
2025-10-04,4bLnK5YuJaqkVX4uWtJ1Qtx3XoZ8eHH37STXSwujpump,DARE,247.78,3380.0,3380.0,3380.0,13910.71,13983.84333333333,13983.84333333333,13.6411332633788,1.0,1.005257340087841,-1.369299875865333,-0.2630668497014017
2025-10-04,8wbfBYthc9fC4GsHgCtznZP1PAoXaZ8tnUGBtGMgpump,1,929.94,11631.72,11631.72,11631.72,13969.71,14499.51666666667,14499.51666666667,12.50803277630815,1.0,1.037925387618402,-0.7152463157348862,-1.287132525905926
2025-10-04,HpQUbEAcHrhwSJyYfXLNZvJz9SBksRJJStn86gFdbonk,1% Club,150.15,1744.8,1744.8,1744.8,7069.32,6987.546666666666,6987.546666666666,11.62037962037962,1.0,0.988432645101179,-1.407063862055585,0.5549897948631062
2025-10-04,JFjfTn5VJkHpacwz7rbnGXDxRUCySZhZ2EdTkrAmoon,HOODIE,79.68,900.26,1106.88,1106.88,5255.37,5593.226666666666,21630.485,11.2984437751004,1.229511474462933,1.064287893462623,-0.7448683074703641,-0.5894782725483657
2025-10-04,6k1rwsNMBwbRJrWck3sEVCjn4MvF9ty8A6iSGfxjxREV,APOLLO,290.63,2964.65,2964.65,2964.65,6583.05,7427.066666666667,7427.066666666667,10.20077073942814,1.0,1.128210581214888,-1.039860527603856,-0.6296885898413783
2025-10-04,DHSZ2zaQ2mNtTJFXH3iNUG1oWXr6ZFj4TyfqVdexpump,UPC,1.72,14.03,14.03,14.03,8300.16,8263.285,8263.285,8.156976744186048,1.0,0.9955573145577916,-1.0,1.0
2025-10-04,BVvSqvTb9ZVNEkP5UsamR1egAWSGEZiQDU42FS7mmoon,CRND,11557.02,93516.14,93516.14,93516.14,64046.27,70212.95333333334,70212.95333333334,8.091717415042979,1.0,1.096284816170143,-1.20651103691657,-1.353014259094325
2025-10-04,9n4nbM75f5Ui33ZbPYXn59EwSgE8CGsHtAeTH5YFeJ9E,SOL,1498.83,11654.81,14505.19,14505.19,18453.12,19838.69333333333,18548.155,7.775938565414355,1.244566835495388,1.075086128163331,-0.8509616156443198,-0.0363228299545331
2025-10-04,HovYQgKum9HALgJmxGdESHNjsn3xezzio5HQVgiPHo1t,Hosico,303.8,2302.67,2302.67,2302.67,10040.66,9909.789999999999,9909.789999999999,7.579558920342331,1.0,0.98696599625921,-1.314498394106834,0.6809570173569055
2025-10-04,B1PrDviUajpkxghL1v2w2P8jnxu3FNjcxUDdBNanPLyR,Supershiro,0.88,6.67,6.67,6.67,8583.61,8424.615000000002,8424.615000000002,7.579545454545454,1.0,0.9814769077346246,-1.0,0.9999999999999971
2025-10-04,F2yfGhxEi7Hw2mr2XQ3MLrdamiPt2rkdMf8PSyAGpump,Noxi,11.62,85.99000000000001,85.99000000000001,85.99000000000001,10186.58,10035.99333333333,10035.99333333333,7.400172117039588,1.0,0.985217151716605,-1.131553702478141,1.250227727461576
2025-10-04,CmLrhRd762bfytq6f3ZV5iuivN1Q8oyPw4evyW4Mbonk,Pochita,15.12,109.9,109.9,109.9,9974.52,9912.523333333333,9912.523333333333,7.268518518518518,1.0,0.9937844962297265,-0.6897235785022509,0.2979576722822991
2025-10-04,7kN5FQMD8ja4bzysEgc5FXmryKd6gCgjiWnhksjHCFb3,LION,28044.13,187003.49,187003.49,187003.49,2153331.02,2146973.363333333,2146973.363333333,6.668186533153285,1.0,0.9970475246919228,-1.220375611739962,0.3031672286557348
2025-10-04,GS3pHMUtYSu5PPuDFey74frkiRQhPdvx8jEeN6Qzbonk,pibble,2574.92,15347.36,20870.86,20870.86,9014.08,9033.983333333334,10145.3625,5.960324980970283,1.359899031494668,1.00220802714568,-0.7648119646208756,-0.5668227468053793
2025-10-04,Et2bFLuPCW77hGW2g7UdrboPVuxatFZt4BaCzhCqpump,BAR,20460.19,106979.44,106979.44,106979.44,54535.1,59194.38666666667,59194.38666666667,5.228663076931348,1.0,1.08543647424625,-1.083990103405347,-1.326049268765399
2025-10-04,44DNPJ2qisA7MMaUmKK5SXvAcPyV7bEzmnK7oYJkbonk,1nu,72736.92,355959.42,544449.39,544449.39,44073.54,50034.47333333334,51013.6425,4.893792863376674,1.529526567944177,1.135249706135095,-1.149907897471739,-1.361379262173211
2025-10-04,So11111111111111111111111111111111111111112,wSOL,165015431.73,758531750.98,1018114312.81,1018114312.81,57425889.06,56726402.79333333,56586912.02,4.596732214845929,1.342217133949406,0.9878193219449187,-1.590462554681806,1.473505892561152
2025-10-04,HW2B2wvyEir3iqvYbYqbHWyR7rA6DqCR3WQSy4USpump,$CrepSol,811.72,3585.86,3585.86,3585.86,20743.91,21419.13,21419.13,4.417607056620509,1.0,1.032550276201545,-1.043739800950416,-1.232266214755418
2025-10-04,qG9NJP4pgFxWWfpFWV7GcYkTKyafDGsnUGCDZLRpump,1,756.74,3331.43,3331.43,3331.43,9776.21,9897.996666666666,9897.996666666666,4.402344266194466,1.0,1.012457451984631,-0.601659413952665,-0.2778778883617964
2025-10-04,FyrBf5xKg5EwKZ9pHvSpJeLLuCWBicTpm3VvZcsibonk,FARTLESS,669.14,2867.94,4782.52,4782.52,3682.87,3893.506666666667,3894.8475,4.286008906955196,1.667580214369896,1.057193619830911,-1.073631521262764,-1.556095886116851
2025-10-04,EVGox5PPxnFqTsMXMoUBSCUhszqK6UUYf9W7pkwfpump,1Bull,7123.3,30458.24,30458.24,30458.24,30459.88,35666.36666666666,35666.36666666666,4.275860907163815,1.0,1.170929322987046,-1.093672844826918,-1.383976841001412
2025-10-04,EzcwA7anSrdoH1TMKjbBTd91GD7KwMco9kFZh1AApump,obvious,2.09,8.75,141.34,141.34,9306.27,9304.303333333335,9242.800000000001,4.186602870813397,16.15314285714286,0.9997886729412896,-0.5920328349442213,0.3120538264893893
2025-10-04,5NnL7oRMtVW3ZqAt95gJQs12Fbz2caCYh9rgy1kQpump,Useless,81632.92,340691.54,340691.54,340691.54,85294.2,65112.27333333334,65112.27333333334,4.173457717793263,1.0,0.7633845365022867,-0.3432105670347579,0.9700267943051121
2025-10-04,CEqFiJoB6HLncfeieBw3PKKm9wyqrpSHV3VH4qZApump,CHARLIE,43598.17,180624.8,180624.8,180624.8,120959.02,128812.99,128812.99,4.142944531846176,1.0,1.064930833599677,-1.292703093755488,-1.248568622563065
2025-10-04,GcPf1ZsZHvnjauhXoFvGMmc2gM73aJ63AYxYC6JAQVoG,IDIOT,1860.43,6683.660000000001,6683.660000000001,6683.660000000001,19108.2,20323.36666666667,20323.36666666667,3.592535059099241,1.0,1.063593989316977,-0.8623265080527949,-0.8305730848319235
2025-10-04,8X4TnmkHzavxEJuaYTkqjFbUgrwBgaXVuRHhGFR2pump,viewer,2.29,8.14,8.14,8.14,9742.73,9699.453333333333,9699.453333333333,3.554585152838428,1.0,0.995558055425259,-0.5412445112714865,0.1893733003920106
2025-10-04,8ghXDEBVbbYtfdV2cU8jpqsNmiZtDkSjBYmRzj8cpump,1cat,40.95,139.95,139.95,139.95,0.0,0.0,0.0,3.417582417582417,1.0,0.0,-0.9999999999999999,0.0
2025-10-04,4w4Kj3PmKjJWpsBVCNPeziC2ySdJ6A7cPfqnhyXxpump,ORE,9.62,32.67,32.67,32.67,8367.09,8278.63,8278.63,3.396049896049897,1.0,0.9894276265702889,-0.2956383816316046,0.5426220353418643
2025-10-04,VnqKnEybGaw6G5ZAdjvPDri5RzDLPXznqxBunG13GJE,YAO,3703.92,12215.61,12215.61,12215.61,56009.05,39656.05,39656.05,3.298022095509622,1.0,0.7080293274033391,-0.1063347834272564,0.5942734689627533
2025-10-04,DKffyw1oEVWR3ik7q7tb2shhmZ3jbTkRzT6R5banCxai,AI20X,19.59,64.42999999999999,115.75,115.75,2877066.87,2942270.546666667,2920901.375,3.28892291985707,1.796523358683843,1.022663246845794,-0.5074867229545067,-0.6574331601112158
2025-10-04,3vgopg7xm3EWkXfxmWPUpcf7g939hecfqg18sLuXDzVt,HAROLD,10006.38,30972.58,30972.58,30972.58,591779.49,594576.8833333333,594576.8833333333,3.095283209312459,1.0,1.00472708733676,-0.3521929195938908,-0.2507282223598952
2025-10-04,HD3JBABeFkdZwUgKwhwJYqjLNrPWXEaDVfH4uMqRpump,USEFUL,43226.93,131800.96,144540.36,144540.36,104590.96,70439.73333333334,74715.5275,3.049047434087963,1.096656352123687,0.6734782177478181,0.2079794913162779,0.6830892147563716
2025-10-04,A8YHuvQBMAxXoZAZE72FyC8B7jKHo8RJyByXRRffpump,XBT,145108.89,440886.03,717551.84,717551.84,419325.23,298124.6466666667,343047.86,3.038311643070249,1.6275222873358,0.7109628167774849,-0.2887783533201154,0.3824992963320296
2025-10-04,GvV7sFu6FHJsSVXfpG7xqFnWar3c7YkcC74rqe7Bpump,RAGEGUY,94869.04,284373.02,284373.02,284373.02,163358.8,171552.9666666667,171552.9666666667,2.997532387805337,1.0,1.05016054639644,0.003232743912917948,-0.7971087774510247
2025-10-04,2Jz5Wf6PGs4x1dJH4FvfMcgEERTmPadLBDsFmtyCpump,NeverDie,6.66,19.94,19.94,19.94,8237.7,8043.326666666667,8043.326666666667,2.993993993993993,1.0,0.9764044170905308,0.01033512376152358,1.41420873118995
2025-10-04,7PzU4m13VqkdgWcserfBdxX4cAPQXaZuFNuKarnT1deV,VIBECODER,16401.04,49076.99,49076.99,49076.99,55621.73,57930.94,57930.94,2.992309634023208,1.0,1.041516328240779,0.01306861783742031,-0.8532271143631419
2025-10-04,3BrXeqzNKUKsM6MgkWFZX4E2cY8SiwYNwwmVzP2Rpump,walkusa,16174.8,47391.4,47391.4,47391.4,45669.84,42230.96,42230.96,2.92995276603111,1.0,0.9247012908300095,0.4111711414037291,1.41302960399872
2025-10-04,4ky1REfghVawQ6EPZGdx7zss5KNKStwE8swjii3uU5sD,MOCHI,145.04,412.38,412.38,412.38,24381.07,24478.015,24478.015,2.843215664644236,1.0,1.003976240583371,-1.0,-1.0
2025-10-04,3vz82EWYv8xnc7Cm7qSgERcpMeqw92PcX8PBz88npump,USDUT,87102.4,237187.43,237187.43,237187.43,152899.73,156947.1833333333,156947.1833333333,2.723087193923474,1.0,1.02647129156692,0.5512588770681887,-0.566372857669439
2025-10-04,9h5y3WCqfeNt2fiAP7iM2ZRp9apFb58ipvTzcWi9pump,AUSBAGWORK,1538.58,4072.15,4072.15,4072.15,20979.52,21739.69666666667,21739.69666666667,2.646693704584747,1.0,1.036234225886325,0.5135446188440178,-0.7382578316789813
2025-10-04,9zFU5vR7YNBzZU8HwJLUKjoDEonpgvHUdLbMgBa7pump,FARTWORM,3513.34,8940.46,8940.46,8940.46,13729.59,16546.94,16546.94,2.544718131464646,1.0,1.205202777358974,0.9035891530663963,-1.412307804019661
2025-10-04,CZkxnM5PNPak31JSFNzJ76CWcYRu4mgxvBwcHaBJpump,AI4,151102.97,382841.31,382841.31,382841.31,84187.52,110518.2033333333,110518.2033333333,2.533645169251141,1.0,1.312762311246766,0.9583809578134289,-1.405222904436897
2025-10-04,C8Hyu6bjPtuaTJ4Fj6V6L99rhUkkCuKByNZTyXiCpump,Streamless,17.16,42.84,42.84,42.84,10273.46,9955.609999999999,9955.609999999999,2.496503496503497,1.0,0.9690610563529716,0.5066383066032262,0.8657545055729695
2025-10-04,8z55m3BmsPkmDfi5b5dAomBvYi1cDmW92hrEJTLdpump,PILL,109.83,263.86,263.86,263.86,11280.54,11376.02,11376.02,2.40244013475371,1.0,1.008464133809197,0.7793996065572943,-0.4142892993105484
2025-10-04,6FtbGaqgZzti1TxJksBV4PSya5of9VqA9vJNDxPwbonk,gib,38567.5,80612.97,118608.3,118608.3,184430.26,122210.5833333333,136039.0875,2.090178777468076,1.471330233832099,0.6626384592925983,0.5186997887104934,0.616187511585222
2025-10-04,4Xs7RvaV3nbWBvb6yWjxvwPKkBxefXe1bPJcvnVspump,BULLCOIN,26.77,55.20999999999999,55.20999999999999,55.20999999999999,10093.14,10063.94,10063.94,2.062383264848711,1.0,0.9971069459058332,1.278228105369331,0.2439341506952502
2025-10-04,7ukFzJA7V6f28YieCjXcEXqiK8tAfbyXyvK6b36pump,early,113477.82,196039.03,196039.03,196039.03,63865.48,65674.22,65674.22,1.727553719308319,1.0,1.028321089890814,1.411681446823523,-0.7283413959345874
2025-10-04,4h49bD28nPPLXWB1ZmP8JPuv4iKk3KzFpS8bSmGJpump,MOONCOIN,29.5,35.07,35.07,35.07,8173.57,8089.389999999999,8089.389999999999,1.188813559322034,1.0,0.9897009507473478,1.0,1.000000000000003
2025-10-04,2JaJ353mgRVrGbrxsvHr17hseGtf1kD4ixErXGcNP1LL,PILL,237.26,270.85,270.85,270.85,10544.24,10657.22,10657.22,1.141574643850628,1.0,1.01071485474534,1.413524460072355,-1.039259640117706
2025-10-04,CAamcXXVWM8b8DcpcT2rpEwwfNfBD2MXjHjCwRDBpump,7,1866.16,2111.13,2111.13,2111.13,14087.31,13095.41,13095.41,1.131269558880267,1.0,0.9295891124707271,1.413935536175706,1.403885287819258
2025-10-04,3hiutVNCbwCY1vmoPKdXtMtuzg4epn1WzuU1jgpHpump,Gaming,2.96,2.96,2.96,2.96,0.0,0.0,0.0,1.0,1.0,0.0,0.0,0.0
2025-10-04,3iE3HmcrKQyNdqoVo4Xrjz291VvtcKtUgJnQDxUepump,PUMPFOLIO,0.38,0.38,0.38,0.38,9455.48,9455.48,9455.48,1.0,1.0,1.0,0.0,0.0
2025-10-04,6UMuZxH9jLT3txQkQo6jWXX2HpHrM1mPkGRjE66pzhEp,FATMEOW,0.12,0.12,0.12,0.12,14204.27,14204.27,14204.27,1.0,1.0,1.0,0.0,0.0
2025-10-04,9iQikUHRe69UScUaytfQabQDmZRqtTkjCEF94ZV5pump,SLOW,5.65,5.65,5.65,5.65,9142.93,9142.93,9142.93,1.0,1.0,1.0,0.0,0.0
2025-10-04,Axix4KAvD9m5iYvUx7wztZnKJfJs7KXxPzPmMv6Npump,MMGA,32.11,32.11,32.11,32.11,8151.09,8151.09,8151.09,1.0,1.0,1.0,0.0,0.0
2025-10-04,BMdxkiQTJbLjZF4on3ivYDibWVCMsriEHra469zM49hV,BEANS,1.89,1.89,1.89,1.89,10068.05,10068.05,10068.05,1.0,1.0,1.0,0.0,0.0
2025-10-04,DQTiKmdc2evtLotMR5j7UAexvTbSL3Ef6dtbaY7Jpump,GIVE50,4.75,4.75,4.75,4.75,0.0,0.0,0.0,1.0,1.0,0.0,0.0,0.0
2025-10-04,DgAHh7SXLssDjufrLnrU1kPgrxmT7UbZYyCCqmcW6k6e,YARA,1.99,1.99,1.99,1.99,0.0,0.0,0.0,1.0,1.0,0.0,0.0,0.0
2025-10-04,FfTMftfnF64keWwxiREcSBca2PsQtkorb2LWCEdZpump,ACTIVITIES,22.2,22.2,22.2,22.2,8060.82,8060.82,8060.82,1.0,1.0,1.0,0.0,0.0
2025-10-04,HJ5HdKrTmvE26k7oKq8JFWvudnzge1gFpe6EKZXUbREV,PROFIT,10.5,10.5,10.5,10.5,2964.08,2964.08,2964.08,1.0,1.0,1.0,0.0,0.0
2025-10-05,DiiTPZdpd9t3XorHiuZUu4E1FoSaQ7uGN4q9YkQupump,ELIZABETH,42.23,731021.48,1125278.26,1125278.26,90.11,79621.31000000001,93998.16,17310.4778593417,1.53932311263959,883.6012651204086,-0.7616226356768306,-0.816144128992481
2025-10-05,3vgopg7xm3EWkXfxmWPUpcf7g939hecfqg18sLuXDzVt,HAROLD,2.26,19421.37,30974.84,30974.84,207.91,400470.36,445984.64,8593.526548672568,1.594884397959567,1926.17170891251,-1.706166859873151,-1.730831480542796
2025-10-05,LGiKAMtb4BuPdhpThjEbNWbDddqdM5FnxMMHqtzpump,SUPRACOIN,1.24,667.35,1355.0,1355.0,14845.04,14938.47666666667,14815.605,538.1854838709678,2.030418820708773,1.006294133708408,-1.012713831663487,0.1145939685130969
2025-10-05,6jPg6gSrwtJyHWGTs7tUh2Zs1GzfKzHQNUGfAK1xpump,retail,0.34,141.82,141.82,141.82,8940.23,8529.206666666667,8529.206666666667,417.1176470588235,1.0,0.9540254184362894,-0.7476519228015546,1.412512418714994
2025-10-05,HxMQWY4DLbUrPXyejuKvu2KJ618zdTRs9dXEuFGrpump,BLUB,0.15,61.14,117.17,117.17,9095.12,9062.900000000001,9080.9,407.6,1.916421328099444,0.996457440913369,-1.118445460642389,0.1963859083978085
2025-10-05,GcPf1ZsZHvnjauhXoFvGMmc2gM73aJ63AYxYC6JAQVoG,IDIOT,34.1,4719.79,6717.76,6717.76,19071.21,19220.03,20010.3275,138.4102639296188,1.42331756285767,1.007803385312206,-1.614501693038603,-0.6814225126462341
2025-10-05,8erRtd8mLgNcNoWy2bhMdTgZyXaRR6u7t2hyXRc1pump,1dog,97.79,11761.74,21615.14,21615.14,14598.31,15286.85666666667,15339.105,120.2754882912363,1.837750196824619,1.047166190241656,-1.121011644207354,-0.921684446955256
2025-10-05,6FtbGaqgZzti1TxJksBV4PSya5of9VqA9vJNDxPwbonk,gib,384.15,38954.31,118992.45,118992.45,27620.93,70711.64666666667,114355.456,101.4039047247169,3.054667121558564,2.560074793523124,-1.211698397813767,-1.050676399871918
2025-10-05,GCU5AT6U8bKYK76KBssLf5a3a3KoNoMGStaVdfeipump,Mementoe,0.78,59.41,68.86,68.86,8601.3,8509.616666666667,8491.96,76.16666666666667,1.159064130617741,0.9893407585675035,-0.6926962083027546,0.9395182300871366
2025-10-05,CAamcXXVWM8b8DcpcT2rpEwwfNfBD2MXjHjCwRDBpump,7,29.68,2038.29,2140.81,2140.81,14696.89,13829.35,13495.78,68.67553908355796,1.050297062733958,0.9409711850602407,-0.6569564549387176,1.298754113224777
2025-10-05,8AgJibpuXYU79bMSzhBv9BCUioxYkoeRVDYz3Tjopump,19,149.19,9231.46,9874.21,9874.21,9100.22,9399.946666666667,9154.404999999999,61.87720356592264,1.069626039651366,1.032936200077214,-0.6110034604558109,-0.1040409516131002
2025-10-05,4Y6HDaV4374KstQX8qD1L35WiQDwHZaHLez8xs6GrKcf,REVIVE,2.84,123.67,126.97,126.97,11613.56,11564.3,11498.865,43.54577464788732,1.026683916875556,0.9957584065523407,-0.5720935886694257,0.9644941246066303
2025-10-05,8ghXDEBVbbYtfdV2cU8jpqsNmiZtDkSjBYmRzj8cpump,1cat,3.66,143.61,143.61,143.61,0.0,0.0,0.0,39.23770491803279,1.0,0.0,-1.126979218490299,0.0
2025-10-05,B1PrDviUajpkxghL1v2w2P8jnxu3FNjcxUDdBNanPLyR,Supershiro,0.18,6.85,6.85,6.85,8541.69,8463.640000000001,8463.640000000001,38.05555555555556,1.0,0.9908624639854643,-0.8426812031182264,0.5532978894045012
2025-10-05,2JaJ353mgRVrGbrxsvHr17hseGtf1kD4ixErXGcNP1LL,PILL,7.4,257.48,278.25,278.25,10400.7,10582.98333333333,10593.09,34.79459459459459,1.080666459530838,1.017526063950824,-0.6412676960298705,-1.321287099151612
2025-10-05,99YFbXS6iA7s1qkRDTMBXEywtLNmrRtHtGKvNxpKWcdT,MOON,61.78,1817.22,3332.37,3332.37,14122.17,13834.08333333333,13697.11,29.41437358368404,1.833773566216529,0.9796003966340395,-1.088702268202698,1.271624228621718
2025-10-05,9zFU5vR7YNBzZU8HwJLUKjoDEonpgvHUdLbMgBa7pump,FARTWORM,257.93,7040.77,9198.39,9198.39,13516.4,15024.93666666667,15789.305,27.29721242197495,1.306446596039922,1.11160787389147,-1.589141606957922,-1.047675465618938
2025-10-05,4Xs7RvaV3nbWBvb6yWjxvwPKkBxefXe1bPJcvnVspump,BULLCOIN,1.7,46.12,56.91,56.91,10298.11,10195.0,10122.4825,27.12941176470588,1.233954900260191,0.9899874831401101,-1.363251079665766,1.211122270595002
2025-10-05,HJ5HdKrTmvE26k7oKq8JFWvudnzge1gFpe6EKZXUbREV,PROFIT,0.45,10.95,10.95,10.95,2965.91,2964.995,2964.995,24.33333333333333,1.0,0.9996914943474347,-0.9999999999999998,1.0
2025-10-05,2sjdF9vLNWkTpK2XgY2kVWCL4YTMu6vaVA4VxrzUpump,67,50488.42,1078983.71,1119067.61,1119067.61,55059.61,62915.81333333333,61531.7575,21.37091455822939,1.037149680415472,1.142685415558398,-0.5450086481161157,-0.579638435146262
2025-10-05,2UfyNHveDrYDogW1LypkworjhYVEte8tLDqRTZbguPLx,T-2049,3455.82,65204.72,174646.29,174646.29,54800.03,64675.01333333334,64968.77,18.86808919446036,2.678430181127992,1.18020032714094,-0.9029439540665646,-0.9665684127587388
2025-10-05,9n4nbM75f5Ui33ZbPYXn59EwSgE8CGsHtAeTH5YFeJ9E,SOL,716.99,10091.89,15222.18,15222.18,18366.09,18615.97666666667,18511.742,14.07535669953556,1.508357701084732,1.013605871835903,-0.9232880808027968,-0.06220959356934892
2025-10-05,4bLnK5YuJaqkVX4uWtJ1Qtx3XoZ8eHH37STXSwujpump,DARE,195.96,2206.39,3575.96,3575.96,14453.69,14239.78333333333,14101.305,11.2593896713615,1.620728882926409,0.985200549709682,-1.016673791085986,1.117945277611233
2025-10-05,7N8qk43L1PCcaqudkEasGpKqcunX1ChXYo2VB1g8bonk,RWA,82.3,743.5799999999999,2274.14,2274.14,8166.21,8331.37,8750.916000000001,9.034993924665857,3.058366282040937,1.02022480440743,-1.080822845677472,-1.106118813075152
2025-10-05,14GMPMf3cRANLfJ9QYU19F5XogVGPjCB7f3NLACrpump,DETECTIVE,16278.24,133334.37,139730.3,139730.3,30472.57,27435.22,24939.5275,8.190957376227406,1.047969102040232,0.9003251120597968,-0.4258969276415354,1.168204191761535
2025-10-05,HpQUbEAcHrhwSJyYfXLNZvJz9SBksRJJStn86gFdbonk,1% Club,149.27,1134.46,1894.07,1894.07,6770.76,6873.586666666667,6933.35,7.600053594158236,1.669578477866121,1.015186872177816,-0.9979794255868132,-1.026379709387924
2025-10-05,9h5y3WCqfeNt2fiAP7iM2ZRp9apFb58ipvTzcWi9pump,AUSBAGWORK,507.0,3715.0,4579.15,4579.15,20405.81,20809.82666666667,21406.225,7.32741617357002,1.232611036339165,1.019799099700853,-1.332894262092015,-0.9416088285636256
2025-10-05,GS3pHMUtYSu5PPuDFey74frkiRQhPdvx8jEeN6Qzbonk,pibble,735.25,5340.2,21606.11,21606.11,8561.17,8624.643333333333,9828.524000000001,7.263107786467188,4.045936481779709,1.007414095659043,-1.0036006164302,-0.6690497292434336
2025-10-05,7ukFzJA7V6f28YieCjXcEXqiK8tAfbyXyvK6b36pump,early,25440.45,182696.59,221479.48,221479.48,65129.73,66060.30333333333,65538.0975,7.181342704236758,1.212280316780953,1.014287996178294,-0.8748267508339664,-0.1887492526253256
2025-10-05,EVGox5PPxnFqTsMXMoUBSCUhszqK6UUYf9W7pkwfpump,1Bull,2711.35,19351.31,33169.59,33169.59,30185.57,32655.8,34296.1675,7.137149390525015,1.714074654377404,1.081834797222647,-1.389314917005254,-1.01981789881906
2025-10-05,7kN5FQMD8ja4bzysEgc5FXmryKd6gCgjiWnhksjHCFb3,LION,20834.22,145747.45,207837.71,207837.71,2147524.52,2156578.95,2147111.1525,6.995579868120813,1.426012667803107,1.004216217284448,-1.028934946419863,0.02275901091221949
2025-10-05,44DNPJ2qisA7MMaUmKK5SXvAcPyV7bEzmnK7oYJkbonk,1nu,28726.21,191452.45,573175.6,573175.6,44069.0,45577.74666666667,49624.714,6.664730571836661,2.993827449061111,1.034236008683353,-1.313911127925087,-1.040554250507024
2025-10-05,GuLvigFjAm1yyReTk6EeboHNnLj1tCi62pzWLorxbonk,SHITTER,4675.92,28960.07,160165.24,160165.24,21828.68,26591.95333333333,27676.552,6.193448561994217,5.530554311505462,1.21821169824897,-0.9777020521925924,-1.579502966235294
2025-10-05,F2yfGhxEi7Hw2mr2XQ3MLrdamiPt2rkdMf8PSyAGpump,Noxi,11.62,71.49,97.61,97.61,10186.58,10134.27,10073.64,6.152323580034423,1.365365785424535,0.9948648123315184,-0.8529072761933105,0.9181053455222985
2025-10-05,DKffyw1oEVWR3ik7q7tb2shhmZ3jbTkRzT6R5banCxai,AI20X,4.86,28.38,120.61,120.61,2877066.87,2927812.22,2912134.474,5.839506172839505,4.249823819591262,1.017637876452972,-1.009367815687052,-0.564147920602227
2025-10-05,JFjfTn5VJkHpacwz7rbnGXDxRUCySZhZ2EdTkrAmoon,HOODIE,177.09,983.6699999999998,1283.97,1283.97,5606.09,5436.973333333333,18425.606,5.554633237336946,1.305285309097563,0.9698334014140574,-0.3321891983622902,-0.4995961592754258
2025-10-05,4h49bD28nPPLXWB1ZmP8JPuv4iKk3KzFpS8bSmGJpump,MOONCOIN,8.06,43.13,43.13,43.13,8173.57,8117.45,8117.45,5.351116625310174,1.0,0.9931339671648985,-0.5880335086111323,0.7071067811865456
2025-10-05,7Rw4dgDuwESJEcCAbhxAghLcmkXM5QotupWq8PPc1UeC,JIFFPOM,16.91,88.92999999999999,88.92999999999999,88.92999999999999,2259.39,7636.495,7636.495,5.259018332347723,1.0,3.379892360327345,-1.0,-1.0
2025-10-05,5NnL7oRMtVW3ZqAt95gJQs12Fbz2caCYh9rgy1kQpump,Useless,75879.2,397580.33,416570.74,416570.74,62774.58,73877.51666666666,64527.85000000001,5.239648414848865,1.047764963623829,1.176869947463872,-0.3438074098742884,-0.09715272967612847
2025-10-05,HovYQgKum9HALgJmxGdESHNjsn3xezzio5HQVgiPHo1t,Hosico,275.94,1419.8,2578.61,2578.61,10349.38,10146.89666666667,10019.6875,5.14532144669131,1.816178334976757,0.9804352209182257,-0.99014770628045,1.303898529409819
2025-10-05,BVvSqvTb9ZVNEkP5UsamR1egAWSGEZiQDU42FS7mmoon,CRND,10877.0,53025.87,104393.14,104393.14,64368.6,66695.61,68751.865,4.875045508871931,1.96872092810547,1.03615132222854,-0.9171072937990246,-0.9348539034116811
2025-10-05,EzcwA7anSrdoH1TMKjbBTd91GD7KwMco9kFZh1AApump,obvious,1.36,6.2,142.7,142.7,9504.09,9452.903333333334,9295.058,4.558823529411764,23.01612903225807,0.9946142485322985,-0.5223732937492678,0.9963056567512129
2025-10-05,GvV7sFu6FHJsSVXfpG7xqFnWar3c7YkcC74rqe7Bpump,RAGEGUY,65892.86,285077.22,350265.88,350265.88,152996.88,167468.4966666667,166913.945,4.32637496687805,1.22867018276662,1.094587658693868,-0.8895940624156112,-1.160488174492367
2025-10-05,VnqKnEybGaw6G5ZAdjvPDri5RzDLPXznqxBunG13GJE,YAO,3797.19,15982.94,16012.8,16012.8,56755.94,58275.54666666667,43931.0225,4.20914939731749,1.001868242013046,1.026774407518696,-0.06869140636507175,0.5139261770764281
2025-10-05,Et2bFLuPCW77hGW2g7UdrboPVuxatFZt4BaCzhCqpump,BAR,16822.86,69513.17,123802.3,123802.3,60244.9,59266.56333333333,59457.015,4.132066129064856,1.780990566248094,0.983760672410998,-0.9657699558025726,0.2560785594894769
2025-10-05,6NVo6X8ouYRVoKRWe7Y9J6CT4pWZXDthSJCBZ3vgUg8z,Bagwork,9.37,38.02,61.11,61.11,9890.29,9766.1,9690.385,4.057630736392743,1.60731194108364,0.9874432397836665,-0.5452320699924266,1.257540495375735
2025-10-05,7PzU4m13VqkdgWcserfBdxX4cAPQXaZuFNuKarnT1deV,VIBECODER,9921.1,38720.13,58998.09,58998.09,54694.68,57348.47333333334,57121.875,3.902806140448135,1.523705886318047,1.048520136388646,-1.225092429432665,-0.888815249977413
2025-10-05,8wbfBYthc9fC4GsHgCtznZP1PAoXaZ8tnUGBtGMgpump,1,667.73,2594.82,12299.45,12299.45,12798.96,13913.98333333333,14074.3775,3.886031779311998,4.740001233226196,1.087118276276614,-0.6285472295446383,-1.558982930002785
2025-10-05,8X4TnmkHzavxEJuaYTkqjFbUgrwBgaXVuRHhGFR2pump,viewer,2.26,8.36,10.4,10.4,9742.73,9813.546666666667,9710.2725,3.699115044247788,1.244019138755981,1.007268667680072,-0.4821119050715951,0.1632718103779447
2025-10-05,3BrXeqzNKUKsM6MgkWFZX4E2cY8SiwYNwwmVzP2Rpump,walkusa,13338.57,46198.02,60729.97,60729.97,39107.21,41803.50333333333,41450.0225,3.46349121382577,1.31455785334523,1.068946195173047,-1.387505781568803,-0.9354997133822519
2025-10-05,HD3JBABeFkdZwUgKwhwJYqjLNrPWXEaDVfH4uMqRpump,USEFUL,18266.47,61506.62,162806.83,162806.83,109638.3,71430.12333333334,81700.08200000001,3.367186982487585,2.646980601437698,0.6515070311500026,-0.4563391247018889,0.6725972055033705
2025-10-05,2Jz5Wf6PGs4x1dJH4FvfMcgEERTmPadLBDsFmtyCpump,NeverDie,6.47,21.35,26.41,26.41,8237.7,8140.366666666666,8091.92,3.299845440494591,1.237002341920375,0.9881844042228614,-0.1183168361270783,0.9999977225545361
2025-10-05,6k1rwsNMBwbRJrWck3sEVCjn4MvF9ty8A6iSGfxjxREV,APOLLO,547.27,1618.06,3511.92,3511.92,6633.17,6531.796666666666,7228.5925,2.956602773767976,2.170451033954242,0.984717211629834,-0.5407813172476281,-0.4918289883386378
2025-10-05,Axix4KAvD9m5iYvUx7wztZnKJfJs7KXxPzPmMv6Npump,MMGA,17.07,49.18,49.18,49.18,8151.09,8151.09,8151.09,2.88107791446983,1.0,1.0,-1.0,0.0
2025-10-05,8z55m3BmsPkmDfi5b5dAomBvYi1cDmW92hrEJTLdpump,PILL,127.24,342.77,391.1,391.1,11400.01,11458.06333333333,11382.0175,2.693885570575291,1.140998337077341,1.005092393193807,0.9931065566877288,0.0900253386654349
2025-10-05,FyrBf5xKg5EwKZ9pHvSpJeLLuCWBicTpm3VvZcsibonk,FARTLESS,888.6,2383.92,5671.12,5671.12,3983.4,3867.743333333333,3912.558,2.682781904118839,2.378905332393704,0.9709653394922261,-0.5392631971115821,0.5583094472674428
2025-10-05,So11111111111111111111111111111111111111112,wSOL,288189531.1,773044220.45,1306303843.91,1306303843.91,57586173.97,57264838.73,56786764.41,2.682416038845486,1.689817748264882,0.9944199237794925,0.5167774961909705,1.234818872908036
2025-10-05,CEqFiJoB6HLncfeieBw3PKKm9wyqrpSHV3VH4qZApump,CHARLIE,80582.46,199075.82,261207.26,261207.26,117287.97,124868.31,125931.735,2.470460941500173,1.312099380025158,1.064630157722058,1.076054773957512,-1.169984331170852
2025-10-05,CZkxnM5PNPak31JSFNzJ76CWcYRu4mgxvBwcHaBJpump,AI4,171314.37,416212.81,554155.6799999999,554155.6799999999,102438.93,102575.4666666667,108498.385,2.429526548181568,1.3314238934645,1.001332859164642,1.152605396843738,-0.3650235604186918
2025-10-05,3vz82EWYv8xnc7Cm7qSgERcpMeqw92PcX8PBz88npump,USDUT,131581.24,310175.72,368768.67,368768.67,132616.54,150835.6633333334,150864.5225,2.3572943985024,1.188902438914303,1.137381983675138,1.514179915911211,-1.493439434890011
2025-10-05,AMKKkovbUqr5cxmsg22KxTgaRXq6z4f8umrze4JKpump,RUECAT,24740.72,52074.66,109963.88,109963.88,88284.02,91997.86333333333,95098.305,2.104815866312702,2.111658146207771,1.04206699392861,-0.1455654398936832,-0.9616677810793225
2025-10-05,FfTMftfnF64keWwxiREcSBca2PsQtkorb2LWCEdZpump,ACTIVITIES,20.51,42.71,42.71,42.71,8392.37,8226.595000000001,8226.595000000001,2.082398829839103,1.0,0.9802469385882654,-1.0,0.9999999999999972
2025-10-05,qG9NJP4pgFxWWfpFWV7GcYkTKyafDGsnUGCDZLRpump,1,1375.62,2768.05,4707.05,4707.05,8891.21,9366.666666666666,9646.3,2.012219944461407,1.700493126930511,1.05347491136377,0.3809893044804964,-1.306320073134887
2025-10-05,3iE3HmcrKQyNdqoVo4Xrjz291VvtcKtUgJnQDxUepump,PUMPFOLIO,0.38,0.76,0.76,0.76,9455.48,9455.48,9455.48,2.0,1.0,1.0,0.0,0.0
2025-10-05,DgAHh7SXLssDjufrLnrU1kPgrxmT7UbZYyCCqmcW6k6e,YARA,1.99,3.98,3.98,3.98,0.0,0.0,0.0,2.0,1.0,0.0,0.0,0.0
2025-10-05,HW2B2wvyEir3iqvYbYqbHWyR7rA6DqCR3WQSy4USpump,$CrepSol,2503.98,4399.07,6089.84,6089.84,21285.58,21371.84,21385.7425,1.75683112484924,1.384347146101335,1.004052508787639,1.510182178303224,-0.2095234781439772
2025-10-05,A8YHuvQBMAxXoZAZE72FyC8B7jKHo8RJyByXRRffpump,XBT,208526.25,353638.87,926078.09,926078.09,418186.89,279176.4866666666,358075.666,1.695896176140893,2.618711257617128,0.667587849697217,0.2182445579925909,0.3323270400631252
2025-10-05,C8Hyu6bjPtuaTJ4Fj6V6L99rhUkkCuKByNZTyXiCpump,Streamless,57.01,93.50999999999999,99.85,99.85,10485.3,10303.66333333333,10088.0325,1.640238554639537,1.067800235268955,0.9826770176660022,1.673817495773345,1.013322063442525
2025-10-05,Eo2cfEkpeVZrKjRtG34WZc3qzyeZeXjCRGWsEs4JTaNH,MoneyBear,182.85,294.6,294.6,294.6,10010.58,10065.73,10065.73,1.61115668580804,1.0,1.005509171296768,1.155757334261612,-0.4692867298774158
2025-10-05,4CBToKTRKfBsv8RMfzMr6VfKQ8PLRYeG6RFGZmq4pump,grandma,840.74,1341.51,2283.49,2283.49,14981.6,15821.61666666667,15961.2325,1.595630040202679,1.702178887969527,1.056069890176394,0.7411820873835129,-1.706876442512973
2025-10-05,4ky1REfghVawQ6EPZGdx7zss5KNKStwE8swjii3uU5sD,MOCHI,774.42,1186.8,1186.8,1186.8,23002.74,23986.25666666667,23986.25666666667,1.532501743240102,1.0,1.042756500602392,1.39026879094538,-1.405141284022746
2025-10-05,CmLrhRd762bfytq6f3ZV5iuivN1Q8oyPw4evyW4Mbonk,Pochita,84.38,113.54,194.28,194.28,10164.06,10089.74,9975.4075,1.345579521213558,1.711115025541659,0.9926879613068007,1.052724491507082,0.8959739246244003
2025-10-05,9NcUwy9JVekfsY4UA62ZaTprn4TDnJZwp5B6vMAAtkzt,FLY,207.38,269.25,423.19,423.19,8828.16,5928.686666666666,3613.697999999999,1.298341209374096,1.571736304549675,0.6715653847083272,1.852394082225402,1.226994860160646
2025-10-05,3hiutVNCbwCY1vmoPKdXtMtuzg4epn1WzuU1jgpHpump,Gaming,12.84,15.8,15.8,15.8,0.0,0.0,0.0,1.230529595015576,1.0,0.0,0.9999999999999998,0.0
2025-10-05,B9zze29or7CJs1nBrigSCWSibfxvkmieFXcGg5cxbonk,DREAM,102861.31,126301.38,243298.66,243298.66,190329.96,196556.4266666667,195329.04,1.227880337125786,1.926334138233486,1.032714064914776,0.8503995236450003,-0.636943399333478
2025-10-05,6UMuZxH9jLT3txQkQo6jWXX2HpHrM1mPkGRjE66pzhEp,FATMEOW,48.45,48.57,48.57,48.57,14290.77,14247.52,14247.52,1.002476780185758,1.0,0.9969735710532043,1.0,1.0
2025-10-05,447veSTPUpNG16GxaNFm8tEC8sc5sao5AEkM6amgn55R,FALCONS,1.8,1.8,1.8,1.8,11287.87,11287.87,11287.87,1.0,1.0,1.0,0.0,0.0
2025-10-05,94bmDAx9PQUZoLCG97h7kCtm1T9uzZCThuUW1cUqAXZy,BEANIE,14.5,14.5,14.5,14.5,9933.55,9933.55,9933.55,1.0,1.0,1.0,0.0,0.0
2025-10-05,9kfdKdj5yiZgozQB9V6qRvBxat5WKHcpNESNjAPxpump,2,17.29,17.29,17.29,17.29,0.0,0.0,0.0,1.0,1.0,0.0,0.0,0.0
2025-10-05,EFRoRp8wJsLy5kUZYSL95Tqp6ijVPsejWYMCn7ZjcG8L,WSTPANDA,0.31,0.31,0.31,0.31,0.0,0.0,0.0,1.0,1.0,0.0,0.0,0.0
2025-10-05,mDJpLmXubnSYmesFYSeYck9AxmA76rpn6nnAs9ppump,1SOL,3.69,3.69,3.69,3.69,9274.95,9274.95,9274.95,1.0,1.0,1.0,0.0,0.0
2025-10-06,CAamcXXVWM8b8DcpcT2rpEwwfNfBD2MXjHjCwRDBpump,7,0.74,1896.58,2141.55,2141.55,14434.64,14406.28,13683.552,2562.945945945946,1.129164074281074,0.9980352817943502,-0.5932764603977193,0.8267890899697264
2025-10-06,4ky1REfghVawQ6EPZGdx7zss5KNKStwE8swjii3uU5sD,MOCHI,8.47,927.9300000000001,1195.27,1195.27,23764.62,23716.14333333333,23930.8475,109.5548996458087,1.28810362850646,0.9979601328922293,-1.003081924455635,-0.2708534782129784
2025-10-06,Eo2cfEkpeVZrKjRtG34WZc3qzyeZeXjCRGWsEs4JTaNH,MoneyBear,2.51,189.54,297.11,297.11,9887.77,9951.96,10021.24,75.51394422310757,1.567531919383771,1.006491858123722,-0.9472532084733742,-1.045543562622519
2025-10-06,GcPf1ZsZHvnjauhXoFvGMmc2gM73aJ63AYxYC6JAQVoG,IDIOT,30.66,1925.19,6748.420000000001,6748.420000000001,19557.63,19245.68,19919.788,62.79158512720156,3.505326746970429,0.9840497033638533,-1.172380436708827,-0.2906789422810595
2025-10-06,9zFU5vR7YNBzZU8HwJLUKjoDEonpgvHUdLbMgBa7pump,FARTWORM,77.72,3848.99,9276.11,9276.11,13456.11,13567.36666666667,15322.666,49.52380339680906,2.410011457551202,1.008268115128865,-1.223576307658019,-0.8668723020528991
2025-10-06,CmLrhRd762bfytq6f3ZV5iuivN1Q8oyPw4evyW4Mbonk,Pochita,2.69,102.19,196.97,196.97,10256.27,10131.61666666667,10031.58,37.98884758364312,1.927488012525687,0.9878461337958796,-1.032996396108175,1.024621853193505
2025-10-06,2JaJ353mgRVrGbrxsvHr17hseGtf1kD4ixErXGcNP1LL,PILL,7.4,252.06,285.65,285.65,10400.7,10448.54666666667,10554.612,34.06216216216216,1.133261921764659,1.004600331387951,-0.5513426534711141,-1.017443900797328
2025-10-06,3BrXeqzNKUKsM6MgkWFZX4E2cY8SiwYNwwmVzP2Rpump,walkusa,990.0,30503.37,61719.97,61719.97,39786.82,41521.29,41117.382,30.81148484848485,2.023382006643856,1.043594084674272,-1.95755094612344,-0.5694286279505318
2025-10-06,GS3pHMUtYSu5PPuDFey74frkiRQhPdvx8jEeN6Qzbonk,pibble,133.28,3443.45,16215.89,21739.39,8293.86,8623.036666666667,8791.396,25.83620948379352,4.709198623473551,1.03968919980162,-0.965151136433057,-0.7021664887423565
2025-10-06,4w4Kj3PmKjJWpsBVCNPeziC2ySdJ6A7cPfqnhyXxpump,ORE,0.73,16.73,33.4,33.4,8614.8,8466.89,8362.6725,22.91780821917808,1.996413628212791,0.9828307099410317,-1.322566912907533,1.243322687370056
2025-10-06,HovYQgKum9HALgJmxGdESHNjsn3xezzio5HQVgiPHo1t,Hosico,41.26,621.0,2619.87,2619.87,10349.38,10246.47333333333,10085.626,15.05089675230247,4.2187922705314,0.9900567312566873,-1.173561334092232,1.007468517744784
2025-10-06,8ghXDEBVbbYtfdV2cU8jpqsNmiZtDkSjBYmRzj8cpump,1cat,3.66,48.27,147.27,147.27,0.0,0.0,0.0,13.18852459016393,3.050963331261653,0.0,-0.8502915089141688,0.0
2025-10-06,7Rw4dgDuwESJEcCAbhxAghLcmkXM5QotupWq8PPc1UeC,JIFFPOM,7.99,96.92,96.92,96.92,13019.56,9430.85,9430.85,12.13016270337922,1.0,0.724360116624525,-0.858739430029445,0.7076943564071956
2025-10-06,DKffyw1oEVWR3ik7q7tb2shhmZ3jbTkRzT6R5banCxai,AI20X,2.34,26.79,71.63,122.95,2876544.69,2876892.81,2916084.64,11.44871794871795,2.673758865248227,1.00012102019524,-0.9444628641811994,-0.5089445610644455
2025-10-06,Axix4KAvD9m5iYvUx7wztZnKJfJs7KXxPzPmMv6Npump,MMGA,5.12,54.3,54.3,54.3,8411.96,8238.046666666667,8238.046666666667,10.60546875,1.0,0.9793254683411081,-1.175440813339924,1.414213562373093
2025-10-06,9n4nbM75f5Ui33ZbPYXn59EwSgE8CGsHtAeTH5YFeJ9E,SOL,258.02,2473.84,12629.82,15480.2,18824.43,18547.88,19341.32,9.587783892721495,5.105350386443746,0.9853089841232909,-0.9197403726752236,0.1217354160380004
2025-10-06,8wbfBYthc9fC4GsHgCtznZP1PAoXaZ8tnUGBtGMgpump,1,191.72,1789.39,12491.17,12491.17,12877.86,13215.51,13835.074,9.333350719799707,6.980686155617278,1.026219418443748,-0.6381640326048773,-1.094759074073133
2025-10-06,4CBToKTRKfBsv8RMfzMr6VfKQ8PLRYeG6RFGZmq4pump,grandma,112.34,964.39,2395.83,2395.83,15688.74,15599.87333333333,15906.734,8.584564714260281,2.484295772457201,0.9943356402957366,-0.9814435018518407,-0.4153966279302291
2025-10-06,94bmDAx9PQUZoLCG97h7kCtm1T9uzZCThuUW1cUqAXZy,BEANIE,2.25,16.75,16.75,16.75,9933.55,9933.55,9933.55,7.444444444444445,1.0,1.0,-1.0,0.0
2025-10-06,qG9NJP4pgFxWWfpFWV7GcYkTKyafDGsnUGCDZLRpump,1,336.86,2469.22,5043.91,5043.91,8878.26,9181.893333333332,9492.692,7.330107463041025,2.042713893456233,1.034199644224581,-1.168223448161734,-1.021679178533529
2025-10-06,C8Hyu6bjPtuaTJ4Fj6V6L99rhUkkCuKByNZTyXiCpump,Streamless,11.88,86.04999999999998,111.73,111.73,10485.3,10414.68666666667,10167.486,7.243265993265991,1.298431144683324,0.9932654923241745,-0.5844733853671106,0.8255308857925875
2025-10-06,9h5y3WCqfeNt2fiAP7iM2ZRp9apFb58ipvTzcWi9pump,AUSBAGWORK,350.77,2396.35,4929.92,4929.92,20549.87,20645.06666666667,21234.954,6.83168457963908,2.057262086089261,1.004632470505491,-1.191868391058448,-0.6782079520326697
2025-10-06,9NcUwy9JVekfsY4UA62ZaTprn4TDnJZwp5B6vMAAtkzt,FLY,37.76,253.79,386.02,460.95,8934.27,5970.436666666666,5373.372,6.721133474576272,1.521021316836755,0.668262394875761,-0.6204693438643604,1.017660407268299
2025-10-06,7ukFzJA7V6f28YieCjXcEXqiK8tAfbyXyvK6b36pump,early,25039.59,163957.86,246519.07,246519.07,62566.21,63853.80666666667,64943.72000000001,6.547945074180528,1.503551400341527,1.020579745307678,-0.7371272429229272,-1.04685549184878
2025-10-06,VnqKnEybGaw6G5ZAdjvPDri5RzDLPXznqxBunG13GJE,YAO,1387.12,8888.23,17399.92,17399.92,58723.97,57162.98666666667,46889.612,6.407686429436531,1.957636109776637,0.9734182935293146,-0.7268583395779953,0.512503887340624
2025-10-06,DiiTPZdpd9t3XorHiuZUu4E1FoSaQ7uGN4q9YkQupump,ELIZABETH,25.27,130.97,731051.22,1125303.53,61.51,75.10000000000001,47794.426,5.182825484764543,5581.821943956631,1.22093968460413,-0.663956255713069,-0.7070258033700035
2025-10-06,Et2bFLuPCW77hGW2g7UdrboPVuxatFZt4BaCzhCqpump,BAR,9102.31,46385.36,132904.61,132904.61,62732.13,59170.71,60112.038,5.095998708020272,2.865227520062364,0.9432281352474402,-1.110859463689044,0.8596593509490374
2025-10-06,5NnL7oRMtVW3ZqAt95gJQs12Fbz2caCYh9rgy1kQpump,Useless,40365.97,197878.09,456936.71,456936.71,59430.32,69166.36666666667,63508.344,4.902101696057347,2.309182941881034,1.163822888159893,-0.6555640290603407,-0.2506531931917477
2025-10-06,7N8qk43L1PCcaqudkEasGpKqcunX1ChXYo2VB1g8bonk,RWA,34.63,160.57,1726.34,2308.77,8096.94,8197.986666666666,8515.358,4.63673115795553,10.75132341035063,1.012479611639294,-0.9963265238513591,-1.008085179767968
2025-10-06,7PzU4m13VqkdgWcserfBdxX4cAPQXaZuFNuKarnT1deV,VIBECODER,7614.35,33936.49000000001,66612.44,66612.44,56938.16,55751.52333333334,57085.13200000001,4.456912277476082,1.962855911144611,0.9791592024282719,-1.258489999004437,-0.06014506128966485
2025-10-06,CEqFiJoB6HLncfeieBw3PKKm9wyqrpSHV3VH4qZApump,CHARLIE,37031.86,161212.49,298239.12,298239.12,113285.48,117177.49,123402.484,4.35334574066763,1.849975271767095,1.034355770924923,-1.329898677781318,-1.215711438170428
2025-10-06,2sjdF9vLNWkTpK2XgY2kVWCL4YTMu6vaVA4VxrzUpump,67,21144.61,91950.59,1140212.22,1140212.22,55579.6,54547.43666666667,60341.326,4.348653864980248,12.40027084111151,0.9814290974866079,-0.5301862364661384,-0.4637939803939845
2025-10-06,GvV7sFu6FHJsSVXfpG7xqFnWar3c7YkcC74rqe7Bpump,RAGEGUY,48868.03,209629.93,399133.91,399133.91,155161.84,157172.5066666667,164563.524,4.289715177796199,1.903992955586066,1.012958512651479,-1.158217356403011,-0.8027934394393984
2025-10-06,HD3JBABeFkdZwUgKwhwJYqjLNrPWXEaDVfH4uMqRpump,USEFUL,20540.08,82033.48000000001,170607.51,183346.91,100566.92,104932.06,84304.88399999999,3.993824756281378,2.079730251599713,1.043405326522877,-0.3460999055006572,0.407684220305983
2025-10-06,8X4TnmkHzavxEJuaYTkqjFbUgrwBgaXVuRHhGFR2pump,viewer,1.53,6.079999999999999,11.93,11.93,9962.21,9815.89,9760.66,3.973856209150326,1.962171052631579,0.9853124959220896,-1.122953517801081,0.9861562545216561
2025-10-06,4bLnK5YuJaqkVX4uWtJ1Qtx3XoZ8eHH37STXSwujpump,DARE,150.85,594.59,3726.81,3726.81,14101.49,14155.29666666667,14101.342,3.941597613523368,6.267865251686035,1.00381567243367,-0.871387793862255,0.0005249522955879996
2025-10-06,CZkxnM5PNPak31JSFNzJ76CWcYRu4mgxvBwcHaBJpump,AI4,111484.71,433902.05,665640.39,665640.39,107091.24,97905.89666666667,108216.956,3.892031920789855,1.534079845900705,0.914228807759315,-0.783033540175359,-0.0757633802172915
2025-10-06,EzcwA7anSrdoH1TMKjbBTd91GD7KwMco9kFZh1AApump,obvious,1.31,4.76,11.42,144.01,9712.14,9507.5,9425.828,3.633587786259542,2.399159663865546,0.9789294635373873,-0.467192752197886,1.409074467107708
2025-10-06,44DNPJ2qisA7MMaUmKK5SXvAcPyV7bEzmnK7oYJkbonk,1nu,41820.82,143283.95,426506.45,614996.42,44339.16,44160.56666666667,47702.31600000001,3.426139181393383,2.976651955784301,0.9959721083274169,-0.9254531152639314,-0.8378616750425673
2025-10-06,6UMuZxH9jLT3txQkQo6jWXX2HpHrM1mPkGRjE66pzhEp,FATMEOW,20.52,69.09,69.09,69.09,14552.4,14349.14666666667,14349.14666666667,3.366959064327486,1.0,0.986033002574604,-0.1267017317225193,1.373364670086137
2025-10-06,8erRtd8mLgNcNoWy2bhMdTgZyXaRR6u7t2hyXRc1pump,1dog,595.96,1981.82,22211.1,22211.1,15451.95,14907.4,15361.674,3.325424525135915,11.20742549777477,0.9647584932646041,-0.8271789309886325,0.1253306026848467
2025-10-06,Fk6e19okXWGxtrHmXBLzkFeDPR2uuyeVYsqGyt89pump,GAZABOY,52.6,172.64,172.64,172.64,8568.02,8614.220000000001,8614.220000000001,3.282129277566539,1.0,1.005392144276041,-0.1103787163302694,-0.3830145862364004
2025-10-06,3vz82EWYv8xnc7Cm7qSgERcpMeqw92PcX8PBz88npump,USDUT,99101.49,317785.13,467870.16,467870.16,121516.83,135677.7,144994.984,3.206663492143256,1.472284622002294,1.116534228221721,0.2359064468900153,-1.46383095989988
2025-10-06,EVGox5PPxnFqTsMXMoUBSCUhszqK6UUYf9W7pkwfpump,1Bull,4546.79,14381.44,37716.38,37716.38,30250.78,30298.74333333333,33487.09,3.162987514268308,2.622573261092075,1.001585523855363,-0.7697341744708625,-0.8189707859992956
2025-10-06,BVvSqvTb9ZVNEkP5UsamR1egAWSGEZiQDU42FS7mmoon,CRND,10666.12,33100.14,115059.26,115059.26,61529.58,63314.81666666667,67307.40800000001,3.10329716897991,3.476095871497825,1.029014283319774,-0.7679063235782244,-1.134586479805777
2025-10-06,4Xs7RvaV3nbWBvb6yWjxvwPKkBxefXe1bPJcvnVspump,BULLCOIN,13.79,42.26,70.69999999999999,70.69999999999999,10270.89,10220.71333333333,10152.164,3.064539521392313,1.672976810222432,0.9951146719839599,-0.04257317832962325,0.8323343686215752
2025-10-06,7kN5FQMD8ja4bzysEgc5FXmryKd6gCgjiWnhksjHCFb3,LION,25595.32,74473.67,233433.03,233433.03,2159523.4,2153459.646666666,2149593.602,2.909659656530959,3.134437043320143,0.9971920872293705,-0.7263117394676398,0.5845506784042992
2025-10-06,GuLvigFjAm1yyReTk6EeboHNnLj1tCi62pzWLorxbonk,SHITTER,5538.1,15448.68,103687.45,165703.34,22517.46,23347.97333333333,26609.846,2.789527094129756,6.711735242104827,1.036883082431737,-0.8062442203598613,-1.105663445044389
2025-10-06,14GMPMf3cRANLfJ9QYU19F5XogVGPjCB7f3NLACrpump,DETECTIVE,13550.33,36404.82,153280.63,153280.63,22082.97,25904.31,24368.216,2.68663715201032,4.210448781232815,1.173044658395134,-0.4265914240747015,-0.5208272666527751
2025-10-06,6FtbGaqgZzti1TxJksBV4PSya5of9VqA9vJNDxPwbonk,gib,23718.12,62669.77,104715.24,142710.57,164513.64,125521.61,111753.264,2.642273923902906,1.670905126985467,0.7629860356867673,-0.003796779119122019,0.5383466699469549
2025-10-06,JFjfTn5VJkHpacwz7rbnGXDxRUCySZhZ2EdTkrAmoon,HOODIE,186.0,442.77,1263.35,1469.97,5762.69,5541.383333333332,5629.692,2.380483870967742,2.853287259751112,0.9615966386068542,-0.2674133956719334,-0.4416221988404207
2025-10-06,6k1rwsNMBwbRJrWck3sEVCjn4MvF9ty8A6iSGfxjxREV,APOLLO,607.51,1445.41,4119.43,4119.43,6622.34,6612.853333333333,7107.342,2.379236555776859,2.850007956220035,0.9985674751422207,-0.3880656967436233,-0.4370797639154919
2025-10-06,447veSTPUpNG16GxaNFm8tEC8sc5sao5AEkM6amgn55R,FALCONS,1.31,3.11,3.11,3.11,11287.87,11287.87,11287.87,2.374045801526718,1.0,1.0,-1.0,0.0
2025-10-06,So11111111111111111111111111111111111111112,wSOL,330220735.03,783425697.86,1376942017.11,1636524578.94,58413684.46,57808582.49666667,57235813.362,2.37243036173615,1.757591078351457,0.9896410923411673,1.062872262682566,1.601256946557991
2025-10-06,3hiutVNCbwCY1vmoPKdXtMtuzg4epn1WzuU1jgpHpump,Gaming,13.04,28.84,28.84,28.84,0.0,0.0,0.0,2.211656441717792,1.0,0.0,0.7282528281190729,0.0
2025-10-06,AMKKkovbUqr5cxmsg22KxTgaRXq6z4f8umrze4JKpump,RUECAT,25617.45,56473.86,135581.33,135581.33,88315.89,88254.22333333333,93741.822,2.204507474397335,2.400780290208603,0.9993017489076238,-0.08860593355650723,-0.7870433165505921
2025-10-06,99YFbXS6iA7s1qkRDTMBXEywtLNmrRtHtGKvNxpKWcdT,MOON,217.33,469.95,3549.7,3549.7,14378.04,14136.94,13833.296,2.16237979110109,7.553356740078731,0.9832313722871824,-0.7245757154298562,1.346903185705203
2025-10-06,LGiKAMtb4BuPdhpThjEbNWbDddqdM5FnxMMHqtzpump,SUPRACOIN,10.56,21.92,1365.56,1365.56,14930.58,14858.06666666667,14838.6,2.075757575757576,62.29744525547444,0.9951433009746886,-0.8060798918832985,0.3925677307067127
2025-10-06,9kfdKdj5yiZgozQB9V6qRvBxat5WKHcpNESNjAPxpump,2,16.51,33.8,33.8,33.8,0.0,0.0,0.0,2.047244094488188,1.0,0.0,-0.9999999999999977,0.0
2025-10-06,mDJpLmXubnSYmesFYSeYck9AxmA76rpn6nnAs9ppump,1SOL,3.69,7.38,7.38,7.38,9274.95,9274.95,9274.95,2.0,1.0,1.0,0.0,0.0
2025-10-06,A8YHuvQBMAxXoZAZE72FyC8B7jKHo8RJyByXRRffpump,XBT,437730.56,791365.7000000001,1087142.84,1363808.65,400607.09,412706.4033333333,342633.584,1.807883141629408,1.373755319443337,1.030202444328515,1.552865863698796,0.2136670678102288
2025-10-06,2UfyNHveDrYDogW1LypkworjhYVEte8tLDqRTZbguPLx,T-2049,6935.31,12453.88,181581.6,181581.6,65384.01,59214.37333333333,65051.81799999999,1.795720739231556,14.58032356181367,0.9056399773175938,-0.6921397641136721,0.03529734050265299
2025-10-06,6NVo6X8ouYRVoKRWe7Y9J6CT4pWZXDthSJCBZ3vgUg8z,Bagwork,14.03,24.09,75.14,75.14,9958.1,9873.346666666666,9743.928,1.71703492516037,3.119136571191366,0.9914890056001312,-0.1028461975595981,1.203226327097416
2025-10-06,3vgopg7xm3EWkXfxmWPUpcf7g939hecfqg18sLuXDzVt,HAROLD,18019.37,28028.00999999999,48994.20999999999,48994.20999999999,575756.96,389248.1199999999,471939.104,1.555437842721471,1.748044545438652,0.676063247242378,1.423178550433655,0.4396520771285242
2025-10-06,FyrBf5xKg5EwKZ9pHvSpJeLLuCWBicTpm3VvZcsibonk,FARTLESS,3066.95,4624.690000000001,6823.49,8738.07,4764.89,4143.72,4085.762,1.507911769021341,1.475448084087798,0.8696360251758173,1.936563030769222,2.100753580054213
2025-10-06,9iQikUHRe69UScUaytfQabQDmZRqtTkjCEF94ZV5pump,SLOW,12.38,18.03,18.03,18.03,9435.85,9289.39,9289.39,1.456381260096931,1.0,0.9844783458829887,1.0,1.000000000000003
2025-10-06,HW2B2wvyEir3iqvYbYqbHWyR7rA6DqCR3WQSy4USpump,$CrepSol,8426.13,11741.83,14515.97,14515.97,25314.29,22447.92666666667,22171.452,1.393502117816839,1.236261298281444,0.8867689619841862,1.957105612996303,1.929835548244658
2025-10-06,6jPg6gSrwtJyHWGTs7tUh2Zs1GzfKzHQNUGfAK1xpump,retail,15.17,20.99,156.99,156.99,8663.62,8648.340000000002,8562.81,1.383651944627555,7.479275845640781,0.9982363030696176,-0.4290872195751536,0.3897749304441691
2025-10-06,B9zze29or7CJs1nBrigSCWSibfxvkmieFXcGg5cxbonk,DREAM,423650.11,534425.05,666948.77,666948.77,196698.2,192491.2433333333,195602.872,1.26147742532157,1.247974379194987,0.9786121242255054,1.913189977164777,0.1555579865901527
2025-10-06,F2yfGhxEi7Hw2mr2XQ3MLrdamiPt2rkdMf8PSyAGpump,Noxi,105.72,128.96,203.33,203.33,10273.57,10215.57666666667,10113.626,1.219825955353764,1.576690446650124,0.9943550943505195,1.849130200503448,1.175883475605364
2025-10-06,8z55m3BmsPkmDfi5b5dAomBvYi1cDmW92hrEJTLdpump,PILL,1604.79,1841.86,1995.89,1995.89,12490.55,11723.7,11603.724,1.147726493809159,1.083627420107934,0.9386055858228823,1.998064802223514,1.854933707662575
2025-10-06,8D7n3WYZxUkmhUPveQU4XZdqLfDe4XLEEpPToAk4pump,1SOL,53.38,53.38,53.38,53.38,0.0,0.0,0.0,1.0,1.0,0.0,0.0,0.0
2025-10-06,BiTXcnGHmSvX6pwhZPmhsctjG3NjzMbTXtM2b7h5nDZC,BITX,6.52,6.52,6.52,6.52,3059.61,3059.61,3059.61,1.0,1.0,1.0,0.0,0.0
2025-10-06,3nJXYRGSFdfhVAg48cLE3iF3Hhda4CXqTt9XS56Mpump,YOU,0.0,14.04,14.04,14.04,0.0,0.0,0.0,0.0,1.0,0.0,-1.0,0.0
2025-10-07,9NcUwy9JVekfsY4UA62ZaTprn4TDnJZwp5B6vMAAtkzt,FLY,2.68,247.82,309.69,463.63,9014.0,8925.476666666667,7146.866,92.47014925373134,1.249657009119522,0.9901793506397456,-0.9960717409514833,0.8930905571221409
2025-10-07,CAamcXXVWM8b8DcpcT2rpEwwfNfBD2MXjHjCwRDBpump,7,0.74,31.16,2039.77,2142.29,14434.64,14522.05666666667,14071.466,42.10810810810811,65.46116816431322,1.006056033726277,-0.5263657981245075,0.7151137975714983
2025-10-07,6NVo6X8ouYRVoKRWe7Y9J6CT4pWZXDthSJCBZ3vgUg8z,Bagwork,0.64,24.04,52.69,75.78,9864.69,9904.36,9824.218,37.56249999999999,2.191763727121465,1.004021413749444,-1.157916649694894,0.5968620767652706
2025-10-07,8D7n3WYZxUkmhUPveQU4XZdqLfDe4XLEEpPToAk4pump,1SOL,1.9,55.28,55.28,55.28,0.0,0.0,0.0,29.09473684210527,1.0,0.0,-1.0,0.0
2025-10-07,HxMQWY4DLbUrPXyejuKvu2KJ618zdTRs9dXEuFGrpump,BLUB,0.35,7.03,117.52,117.52,9184.78,9079.526666666667,9101.676000000001,20.08571428571429,16.71692745376956,0.9885404622284547,-0.8897690229315064,1.080005603352798
2025-10-07,Axix4KAvD9m5iYvUx7wztZnKJfJs7KXxPzPmMv6Npump,MMGA,1.2,23.39,55.5,55.5,8411.96,8325.003333333332,8281.525,19.49166666666667,2.372808892689183,0.989662734170554,-1.05257523383121,1.000000000000002
2025-10-07,BiTXcnGHmSvX6pwhZPmhsctjG3NjzMbTXtM2b7h5nDZC,BITX,0.37,6.89,6.89,6.89,3175.99,3117.8,3117.8,18.62162162162162,1.0,0.9816781538984696,-1.0,0.999999999999998
2025-10-07,CmLrhRd762bfytq6f3ZV5iuivN1Q8oyPw4evyW4Mbonk,Pochita,5.1,92.16999999999999,121.33,202.07,10176.77,10199.03333333333,10140.452,18.07254901960784,1.316371921449496,1.002187662031601,-0.8197346871666822,0.5834637422741147
2025-10-07,4Y6HDaV4374KstQX8qD1L35WiQDwHZaHLez8xs6GrKcf,REVIVE,0.29,4.72,127.26,127.26,11698.02,11607.82,11538.696,16.27586206896552,26.96186440677966,0.9922892934017893,-0.5364379920237433,1.198938998025708
2025-10-07,4w4Kj3PmKjJWpsBVCNPeziC2ySdJ6A7cPfqnhyXxpump,ORE,0.73,11.08,34.13,34.13,8614.8,8532.230000000001,8413.098,15.17808219178082,3.080324909747292,0.990415331754655,-1.018174086467797,0.9719205980263315
2025-10-07,C8Hyu6bjPtuaTJ4Fj6V6L99rhUkkCuKByNZTyXiCpump,Streamless,5.94,74.83,111.33,117.67,10405.25,10458.61666666667,10360.308,12.5976430976431,1.487772283843378,1.005128821188022,-0.7833618954392093,0.546679085022861
2025-10-07,9kfdKdj5yiZgozQB9V6qRvBxat5WKHcpNESNjAPxpump,2,3.45,37.25,37.25,37.25,0.0,0.0,0.0,10.79710144927536,1.0,0.0,-1.41243335634419,0.0
2025-10-07,2JaJ353mgRVrGbrxsvHr17hseGtf1kD4ixErXGcNP1LL,PILL,1.81,16.61,266.69,287.46,10781.83,10527.74333333333,10586.296,9.176795580110497,16.05599036724865,0.9764338088555777,-0.5431137053911784,1.168901268346397
2025-10-07,8ghXDEBVbbYtfdV2cU8jpqsNmiZtDkSjBYmRzj8cpump,1cat,0.98,8.3,148.25,148.25,0.0,0.0,0.0,8.469387755102042,17.86144578313253,0.0,-0.7602853537316714,0.0
2025-10-07,6rhFUUZsUbjD4tSHrLetmCuvuM3L2ASTLEAgemZtpump,AMG,4.95,38.69,38.69,38.69,0.0,0.0,0.0,7.816161616161617,1.0,0.0,-1.0,0.0
2025-10-07,4CBToKTRKfBsv8RMfzMr6VfKQ8PLRYeG6RFGZmq4pump,grandma,149.59,1102.67,1603.44,2545.42,14991.48,15220.60666666667,15629.014,7.37128150277425,1.454143125323079,1.015283792305141,-0.75737296449665,-1.296938514285031
2025-10-07,8AgJibpuXYU79bMSzhBv9BCUioxYkoeRVDYz3Tjopump,19,35.74,235.3,9909.949999999999,9909.949999999999,8646.01,8986.453333333333,9052.725999999999,6.583659764969222,42.11623459413514,1.03937577371913,-0.5510427931316153,-0.8001874863864541
2025-10-07,GS3pHMUtYSu5PPuDFey74frkiRQhPdvx8jEeN6Qzbonk,pibble,161.32,1029.85,5634.8,21900.71,8213.89,8356.306666666665,8476.336,6.383895363253161,5.471476428606108,1.017338516423603,-0.8334852957815184,-0.6648035865065257
2025-10-07,7N8qk43L1PCcaqudkEasGpKqcunX1ChXYo2VB1g8bonk,RWA,23.44,140.37,801.65,2332.21,8095.4,8119.516666666666,8237.289999999999,5.988481228668942,5.710978129229892,1.002979058065897,-0.8872553345442599,-0.8742937391501274
2025-10-07,B9zze29or7CJs1nBrigSCWSibfxvkmieFXcGg5cxbonk,DREAM,106787.87,633299.29,656739.36,773736.64,190282.14,192436.7666666667,195329.924,5.930442193481339,1.037012626368174,1.011323325808017,-0.1596549216798421,-0.659156668937131
2025-10-07,HW2B2wvyEir3iqvYbYqbHWyR7rA6DqCR3WQSy4USpump,$CrepSol,2299.1,13229.21,15124.3,16815.07,22305.87,22968.58,22347.136,5.754082032099518,1.143250428408045,1.029710116664358,-0.1946731287741738,0.07530411295931597
2025-10-07,9zFU5vR7YNBzZU8HwJLUKjoDEonpgvHUdLbMgBa7pump,FARTWORM,73.07,408.72,7191.56,9349.18,12746.78,13239.76333333333,14255.54,5.593540440673328,17.59532198081816,1.038675126842491,-1.001326864320835,-0.9812916046719581
2025-10-07,AMKKkovbUqr5cxmsg22KxTgaRXq6z4f8umrze4JKpump,RUECAT,12228.19,62586.36,89920.3,147809.52,63220.36,79940.09,85505.968,5.118203102830427,1.436739570730747,1.264467491168984,-0.7561267428752085,-1.956561154665927
2025-10-07,8z55m3BmsPkmDfi5b5dAomBvYi1cDmW92hrEJTLdpump,PILL,458.33,2190.36,2405.89,2454.22,11740.52,11877.02666666667,11721.052,4.779002029105667,1.098399349878559,1.011626969390339,0.08941971527235133,0.2594357355423488
2025-10-07,VnqKnEybGaw6G5ZAdjvPDri5RzDLPXznqxBunG13GJE,YAO,1382.43,6566.74,18752.49,18782.35,54497.82,56659.24333333332,57609.686,4.750142864376496,2.855677246243951,1.039660730160093,-0.637422322831915,0.2980920678474897
2025-10-07,3vz82EWYv8xnc7Cm7qSgERcpMeqw92PcX8PBz88npump,USDUT,65893.16,296575.89,475170.37,533763.32,111355.14,121829.5033333333,137075.792,4.500860028567457,1.602188127969539,1.09406268388988,-0.9713815393106091,-1.454348497629178
2025-10-07,6UMuZxH9jLT3txQkQo6jWXX2HpHrM1mPkGRjE66pzhEp,FATMEOW,21.61,90.58,90.7,90.7,14162.23,14335.13333333333,14302.4175,4.191577973160574,1.001324795760654,1.012208764674302,-0.06203675296302649,-0.9248094888882559
2025-10-07,14GMPMf3cRANLfJ9QYU19F5XogVGPjCB7f3NLACrpump,DETECTIVE,9399.83,39228.4,156284.53,162680.46,19452.19,24002.57666666666,24768.164,4.173309517299781,3.983963913899114,1.233926702683177,-0.4729626880653588,-0.9301051305869018
2025-10-07,5NnL7oRMtVW3ZqAt95gJQs12Fbz2caCYh9rgy1kQpump,Useless,39775.7,156020.87,477722.0,496712.41,60493.86,60899.58666666667,68311.346,3.922517265566665,3.061910884101595,1.00670690656319,-0.5843332898465599,-0.16865799135729
2025-10-07,3BrXeqzNKUKsM6MgkWFZX4E2cY8SiwYNwwmVzP2Rpump,walkusa,4928.77,19257.34,52116.79000000001,66648.74,34169.11,37687.71333333333,39873.288,3.90712895915208,2.706333792725268,1.102976148144723,-1.034627930986528,-1.725902918493549
2025-10-07,CEqFiJoB6HLncfeieBw3PKKm9wyqrpSHV3VH4qZApump,CHARLIE,41562.11,159176.43,277669.79,339801.23,100945.9,110506.45,117767.262,3.829844779295372,1.744415237859023,1.094709641501042,-0.8905281549356191,-1.655683108858709
2025-10-07,4ky1REfghVawQ6EPZGdx7zss5KNKStwE8swjii3uU5sD,MOCHI,296.71,1079.6,1491.98,1491.98,22141.17,22969.51,23572.912,3.638569647130194,1.381974805483513,1.037411753760077,-0.006512212867439159,-1.587115170713209
2025-10-07,2sjdF9vLNWkTpK2XgY2kVWCL4YTMu6vaVA4VxrzUpump,67,28323.33,99956.36,1128451.65,1168535.55,54771.54,55136.91666666666,59819.716,3.52911751548988,11.28944321301816,1.006670921917964,-0.4573230110371304,-0.483515395862247
2025-10-07,6k1rwsNMBwbRJrWck3sEVCjn4MvF9ty8A6iSGfxjxREV,APOLLO,465.02,1619.8,2690.59,4584.45,5460.92,6238.81,6335.73,3.483291041245538,1.661063094209162,1.142446693963655,-0.5682516701745851,-1.158502460947257
2025-10-07,BVvSqvTb9ZVNEkP5UsamR1egAWSGEZiQDU42FS7mmoon,CRND,8947.7,30490.82,72639.69,124006.96,59133.26,61677.14666666667,64149.93399999999,3.407671245124445,2.382346227487487,1.043019557295956,-0.7520516290230177,-1.225590319952369
2025-10-07,4Xs7RvaV3nbWBvb6yWjxvwPKkBxefXe1bPJcvnVspump,BULLCOIN,6.45,21.94,66.36,77.14999999999999,9890.32,10153.10666666667,10149.242,3.401550387596899,3.02461257976299,1.026570087385106,-0.797708554479614,-1.340964057673611
2025-10-07,EVGox5PPxnFqTsMXMoUBSCUhszqK6UUYf9W7pkwfpump,1Bull,3219.51,10477.65,27117.61,40935.89,24825.95,28420.76666666666,30608.826,3.254423809834416,2.58813856160494,1.144800769624794,-0.9234169781222208,-1.491041358071377
2025-10-07,7PzU4m13VqkdgWcserfBdxX4cAPQXaZuFNuKarnT1deV,VIBECODER,9064.91,26600.36,55399.39,75677.35,54928.66,55520.5,56782.448,2.934431781451774,2.082655648269422,1.010774703042091,-0.8001534909559858,-0.7579110122622409
2025-10-07,Et2bFLuPCW77hGW2g7UdrboPVuxatFZt4BaCzhCqpump,BAR,13490.03,39415.2,92105.51,146394.64,55893.92,59623.65,59285.148,2.921802249513159,2.336801792201993,1.0667287246985,-0.7191531424130417,-1.099961352552831
2025-10-07,HD3JBABeFkdZwUgKwhwJYqjLNrPWXEaDVfH4uMqRpump,USEFUL,20241.95,59048.5,102288.65,203588.86,103170.08,104458.4333333333,83605.47400000002,2.917134959823535,1.732281937729155,1.012487664382283,-0.3270086167829902,0.4330071771079526
2025-10-07,qG9NJP4pgFxWWfpFWV7GcYkTKyafDGsnUGCDZLRpump,1,914.16,2626.64,4019.07,5958.07,9407.36,9058.943333333335,9277.124,2.873282576354249,1.530118326074376,0.9629633960360116,-0.149841208718534,-0.1293107426621205
2025-10-07,DiiTPZdpd9t3XorHiuZUu4E1FoSaQ7uGN4q9YkQupump,ELIZABETH,39.06,106.56,731085.81,1125342.59,58.84,70.15333333333334,47796.85600000001,2.728110599078341,6860.79025900901,1.19227283027419,-0.5961754999672199,-0.632408062897994
2025-10-07,GvV7sFu6FHJsSVXfpG7xqFnWar3c7YkcC74rqe7Bpump,RAGEGUY,66676.76,181437.65,400622.01,465810.67,158164.93,155441.2166666666,163146.452,2.721152767471005,2.208042321976723,0.9827792840465118,-0.440306642548095,-0.4867978532706045
2025-10-07,7kN5FQMD8ja4bzysEgc5FXmryKd6gCgjiWnhksjHCFb3,LION,28499.53,74929.06999999999,199842.3,261932.56,2067413.77,2124820.563333333,2139334.804,2.629133533079317,2.667086352466407,1.02776744266985,-0.5539121920491646,-1.994928063040447
2025-10-07,CZkxnM5PNPak31JSFNzJ76CWcYRu4mgxvBwcHaBJpump,AI4,175999.97,458799.05,703697.49,841640.36,94604.52,101378.23,101884.432,2.606813228434073,1.533781488867512,1.071600278718184,1.196255924915248,-0.7833296755621201
2025-10-07,8wbfBYthc9fC4GsHgCtznZP1PAoXaZ8tnUGBtGMgpump,1,536.4,1395.85,3322.94,13027.57,12828.62,12835.14666666667,13489.686,2.602255779269202,2.380585306444102,1.000508758281613,-0.4837693881453283,-0.9510107871301219
2025-10-07,44DNPJ2qisA7MMaUmKK5SXvAcPyV7bEzmnK7oYJkbonk,1nu,44369.96,114916.99,277643.23,659366.38,35081.31,41163.15666666667,43230.74200000001,2.589972810433005,2.416032912104642,1.173364297589419,-0.7782751911595847,-1.716515614965046
2025-10-07,7Rw4dgDuwESJEcCAbhxAghLcmkXM5QotupWq8PPc1UeC,JIFFPOM,16.5,41.4,113.42,113.42,12532.86,9270.603333333333,10206.3525,2.509090909090909,2.739613526570048,0.7397037334920626,-0.4656280455708594,0.5065962655718014
2025-10-07,GuLvigFjAm1yyReTk6EeboHNnLj1tCi62pzWLorxbonk,SHITTER,6889.56,17103.58,41387.73,172592.9,22470.72,22272.28666666667,24952.808,2.48253589489024,2.419828480353236,0.9911692489900932,-0.6737208263622022,-0.9532092249042883
2025-10-07,So11111111111111111111111111111111111111112,wSOL,419208733.04,1037618999.17,1522473688.52,2055733311.98,57442274.87,57814044.43333334,57530095.10399999,2.475184597528393,1.46727622541399,1.006472055018272,1.75230704580637,0.4142259226411508
2025-10-07,9iQikUHRe69UScUaytfQabQDmZRqtTkjCEF94ZV5pump,SLOW,12.35,30.38,30.38,30.38,9435.85,9338.210000000001,9338.210000000001,2.459919028340081,1.0,0.9896522305886593,0.7023629083332487,0.7071067811865398
2025-10-07,A8YHuvQBMAxXoZAZE72FyC8B7jKHo8RJyByXRRffpump,XBT,491448.91,1137705.72,1282818.34,1855257.56,480128.96,432974.3133333334,343653.102,2.315003038667844,1.127548466575346,0.9017875391922483,1.452928934699431,0.6207096865070477
2025-10-07,3vgopg7xm3EWkXfxmWPUpcf7g939hecfqg18sLuXDzVt,HAROLD,13740.19,31761.82,51180.92999999999,62734.39999999999,571863.79,382609.5533333334,469806.366,2.311599766815451,1.611397898483147,0.6690571426691194,0.6000468921014304,0.3806565921939919
2025-10-07,JFjfTn5VJkHpacwz7rbnGXDxRUCySZhZ2EdTkrAmoon,HOODIE,282.76,645.8499999999999,1452.43,1752.73,5119.51,5496.096666666667,5438.624000000001,2.28409251662187,2.248865835720368,1.073559123171293,0.1581528161802902,-0.4271371670060976
2025-10-07,9h5y3WCqfeNt2fiAP7iM2ZRp9apFb58ipvTzcWi9pump,AUSBAGWORK,712.81,1570.58,4778.58,5642.73,21717.3,20890.99333333333,20939.33,2.203364150334592,3.042557526518866,0.9619516852156268,-0.4579847994573983,0.427846572251167
2025-10-07,99YFbXS6iA7s1qkRDTMBXEywtLNmrRtHtGKvNxpKWcdT,MOON,235.5,514.61,2270.05,3785.2,14075.99,14192.06666666667,13991.256,2.185180467091295,4.411204601542916,1.008246430032038,-0.6126678605440642,0.5320549414867038
2025-10-07,HJ5HdKrTmvE26k7oKq8JFWvudnzge1gFpe6EKZXUbREV,PROFIT,9.71,20.66,20.66,20.66,2937.8,2955.93,2955.93,2.127703398558187,1.0,1.006171284634761,0.6187689527963586,-1.411818229669912
2025-10-07,2UfyNHveDrYDogW1LypkworjhYVEte8tLDqRTZbguPLx,T-2049,12273.33,22664.46,84413.36,193854.93,56220.28,58801.44,63125.866,1.846643087083945,3.7244814127493,1.045911546509551,-0.5037494855465705,-0.7999466557750927
2025-10-07,FyrBf5xKg5EwKZ9pHvSpJeLLuCWBicTpm3VvZcsibonk,FARTLESS,4843.57,8799.119999999999,10294.44,13581.64,4246.0,4331.43,4122.824000000001,1.816660025559659,1.169939721244852,1.020120113047574,2.054111436180904,0.512468166954133
2025-10-07,6FtbGaqgZzti1TxJksBV4PSya5of9VqA9vJNDxPwbonk,gib,30060.99,54163.26,92733.42000000001,172771.56,162611.08,118248.55,107851.932,1.801778983326896,1.712109278503547,0.727186302434004,0.326447538073997,0.4669998241393697
2025-10-07,447veSTPUpNG16GxaNFm8tEC8sc5sao5AEkM6amgn55R,FALCONS,4.4,7.510000000000001,7.510000000000001,7.510000000000001,11007.12,11194.28666666667,11194.28666666667,1.706818181818182,1.0,1.017004145195716,1.398739649574801,-1.414213562373093
2025-10-07,HovYQgKum9HALgJmxGdESHNjsn3xezzio5HQVgiPHo1t,Hosico,462.02,779.22,1923.08,3081.89,9280.48,9993.08,10014.11,1.686550365785031,2.467955134621801,1.076784821474751,-0.1372382326903351,-1.749084870623863
2025-10-07,8erRtd8mLgNcNoWy2bhMdTgZyXaRR6u7t2hyXRc1pump,1dog,1327.7,2021.45,13685.4,23538.8,14816.56,14955.60666666667,15225.816,1.52252014762371,6.770090776422864,1.009384544500658,-0.5897971639977331,-0.6600616597228494
2025-10-07,3nJXYRGSFdfhVAg48cLE3iF3Hhda4CXqTt9XS56Mpump,YOU,29.77,43.81,43.81,43.81,0.0,0.0,0.0,1.471615720524017,1.0,0.0,1.247250805537829,0.0
2025-10-07,8X4TnmkHzavxEJuaYTkqjFbUgrwBgaXVuRHhGFR2pump,viewer,8.48,12.27,18.37,20.41,9823.86,9842.933333333332,9845.342,1.446933962264151,1.497147514262429,1.001941531468622,2.137963466221663,0.2800631571692478
2025-10-07,7ukFzJA7V6f28YieCjXcEXqiK8tAfbyXyvK6b36pump,early,122645.57,173125.61,330381.75,369164.64,35719.04,54471.66,59293.232,1.411592852477265,1.908335514312411,1.525003471537869,1.504605530116589,-2.196625225050955
2025-10-07,LGiKAMtb4BuPdhpThjEbNWbDddqdM5FnxMMHqtzpump,SUPRACOIN,251.87,263.67,929.78,1617.43,14046.88,14607.5,14758.578,1.046849565251916,3.52630181666477,1.039910642078526,-0.05951324951564943,-1.810423243358342
2025-10-07,GcPf1ZsZHvnjauhXoFvGMmc2gM73aJ63AYxYC6JAQVoG,IDIOT,1657.63,1722.39,6408.08,8406.050000000001,18671.99,19100.27666666667,19177.942,1.039067825751223,3.720458200523691,1.02293738732008,0.248316316437843,-0.846255256480799
2025-10-07,9n4nbM75f5Ui33ZbPYXn59EwSgE8CGsHtAeTH5YFeJ9E,SOL,25816.01,26791.02,36165.92,41296.21,10962.23,16050.91666666667,17126.918,1.037767648834967,1.34992695313579,1.464201778895961,2.354150216899997,-1.964297258314397
2025-10-07,EzcwA7anSrdoH1TMKjbBTd91GD7KwMco9kFZh1AApump,obvious,115.17,117.84,122.68,259.18,9216.54,9477.589999999998,9457.478,1.023183120604324,1.041072640868975,1.028324078233263,1.417338985150116,-0.5418515740794764
2025-10-07,4e3Qx8W2HoNQLh8zssRzNuwbatGnChzKee6gN63Zpump,VAN,1.47,1.47,1.47,1.47,0.0,0.0,0.0,1.0,1.0,0.0,0.0,0.0
2025-10-07,ESJy7EVySoXbYvkq1V2RcDXYUicyZVe8hBHQeoDQpump,Hamu,2.55,2.55,2.55,2.55,0.0,0.0,0.0,1.0,1.0,0.0,0.0,0.0
